"","rmsd (nm)","Systems"
"1","0.2598","Apo"
"2","0.2009","Apo"
"3","0.1947","Apo"
"4","0.1586","Apo"
"5","0.1611","Apo"
"6","0.1384","Apo"
"7","0.179","Apo"
"8","0.2082","Apo"
"9","0.1829","Apo"
"10","0.1788","Apo"
"11","0.1608","Apo"
"12","0.1813","Apo"
"13","0.1746","Apo"
"14","0.2013","Apo"
"15","0.2116","Apo"
"16","0.2427","Apo"
"17","0.1845","Apo"
"18","0.1585","Apo"
"19","0.2113","Apo"
"20","0.2163","Apo"
"21","0.2182","Apo"
"22","0.2794","Apo"
"23","0.268","Apo"
"24","0.1947","Apo"
"25","0.1768","Apo"
"26","0.1478","Apo"
"27","0.2011","Apo"
"28","0.2082","Apo"
"29","0.1965","Apo"
"30","0.2342","Apo"
"31","0.2756","Apo"
"32","0.3138","Apo"
"33","0.3045","Apo"
"34","0.2622","Apo"
"35","0.2479","Apo"
"36","0.2106","Apo"
"37","0.2166","Apo"
"38","0.2201","Apo"
"39","0.2663","Apo"
"40","0.3427","Apo"
"41","0.3136","Apo"
"42","0.2704","Apo"
"43","0.2126","Apo"
"44","0.1785","Apo"
"45","0.1665","Apo"
"46","0.1426","Apo"
"47","0.1591","Apo"
"48","0.1299","Apo"
"49","0.1325","Apo"
"50","0.125","Apo"
"51","0.1271","Apo"
"52","0.0996","Apo"
"53","0.0854","Apo"
"54","0.1104","Apo"
"55","0.1019","Apo"
"56","0.0831","Apo"
"57","0.1099","Apo"
"58","0.1233","Apo"
"59","0.1058","Apo"
"60","0.1288","Apo"
"61","0.1581","Apo"
"62","0.1606","Apo"
"63","0.1469","Apo"
"64","0.1839","Apo"
"65","0.1808","Apo"
"66","0.1302","Apo"
"67","0.1347","Apo"
"68","0.131","Apo"
"69","0.1342","Apo"
"70","0.1637","Apo"
"71","0.1652","Apo"
"72","0.1659","Apo"
"73","0.184","Apo"
"74","0.1557","Apo"
"75","0.1325","Apo"
"76","0.1541","Apo"
"77","0.1444","Apo"
"78","0.11","Apo"
"79","0.1302","Apo"
"80","0.1476","Apo"
"81","0.118","Apo"
"82","0.1126","Apo"
"83","0.1522","Apo"
"84","0.1463","Apo"
"85","0.1186","Apo"
"86","0.1541","Apo"
"87","0.1315","Apo"
"88","0.1412","Apo"
"89","0.125","Apo"
"90","0.1588","Apo"
"91","0.208","Apo"
"92","0.1218","Apo"
"93","0.1113","Apo"
"94","0.092","Apo"
"95","0.0747","Apo"
"96","0.0682","Apo"
"97","0.0591","Apo"
"98","0.0564","Apo"
"99","0.0556","Apo"
"100","0.0527","Apo"
"101","0.0613","Apo"
"102","0.0954","Apo"
"103","0.1174","Apo"
"104","0.1092","Apo"
"105","0.0866","Apo"
"106","0.065","Apo"
"107","0.061","Apo"
"108","0.0688","Apo"
"109","0.0691","Apo"
"110","0.0707","Apo"
"111","0.0786","Apo"
"112","0.0803","Apo"
"113","0.0882","Apo"
"114","0.1556","Apo"
"115","0.2264","Apo"
"116","0.2358","Apo"
"117","0.1898","Apo"
"118","0.1636","Apo"
"119","0.1159","Apo"
"120","0.0929","Apo"
"121","0.1029","Apo"
"122","0.0951","Apo"
"123","0.0933","Apo"
"124","0.0929","Apo"
"125","0.0777","Apo"
"126","0.0751","Apo"
"127","0.0887","Apo"
"128","0.0805","Apo"
"129","0.0683","Apo"
"130","0.0573","Apo"
"131","0.0508","Apo"
"132","0.0508","Apo"
"133","0.0503","Apo"
"134","0.0521","Apo"
"135","0.0518","Apo"
"136","0.0633","Apo"
"137","0.0864","Apo"
"138","0.1212","Apo"
"139","0.2205","Apo"
"140","0.1608","Apo"
"141","0.0969","Apo"
"142","0.0786","Apo"
"143","0.0641","Apo"
"144","0.0535","Apo"
"145","0.052","Apo"
"146","0.0571","Apo"
"147","0.0545","Apo"
"148","0.0616","Apo"
"149","0.0738","Apo"
"150","0.1","Apo"
"151","0.1086","Apo"
"152","0.0912","Apo"
"153","0.0881","Apo"
"154","0.0692","Apo"
"155","0.0699","Apo"
"156","0.0889","Apo"
"157","0.0878","Apo"
"158","0.0696","Apo"
"159","0.0715","Apo"
"160","0.0724","Apo"
"161","0.0733","Apo"
"162","0.1039","Apo"
"163","0.116","Apo"
"164","0.1171","Apo"
"165","0.1159","Apo"
"166","0.1004","Apo"
"167","0.0903","Apo"
"168","0.0812","Apo"
"169","0.1045","Apo"
"170","0.0922","Apo"
"171","0.0998","Apo"
"172","0.0898","Apo"
"173","0.0878","Apo"
"174","0.0948","Apo"
"175","0.1381","Apo"
"176","0.1122","Apo"
"177","0.0794","Apo"
"178","0.0642","Apo"
"179","0.0551","Apo"
"180","0.0555","Apo"
"181","0.0583","Apo"
"182","0.0657","Apo"
"183","0.0697","Apo"
"184","0.066","Apo"
"185","0.0818","Apo"
"186","0.0941","Apo"
"187","0.1277","Apo"
"188","0.1351","Apo"
"189","0.1007","Apo"
"190","0.0759","Apo"
"191","0.0664","Apo"
"192","0.0541","Apo"
"193","0.0568","Apo"
"194","0.0603","Apo"
"195","0.0561","Apo"
"196","0.0616","Apo"
"197","0.0728","Apo"
"198","0.0944","Apo"
"199","0.1065","Apo"
"200","0.0867","Apo"
"201","0.0711","Apo"
"202","0.0705","Apo"
"203","0.071","Apo"
"204","0.0741","Apo"
"205","0.0637","Apo"
"206","0.0692","Apo"
"207","0.0743","Apo"
"208","0.0829","Apo"
"209","0.1264","Apo"
"210","0.1443","Apo"
"211","0.1725","Apo"
"212","0.1468","Apo"
"213","0.1181","Apo"
"214","0.1092","Apo"
"215","0.0913","Apo"
"216","0.1128","Apo"
"217","0.1118","Apo"
"218","0.0845","Apo"
"219","0.0853","Apo"
"220","0.0774","Apo"
"221","0.0762","Apo"
"222","0.0975","Apo"
"223","0.0839","Apo"
"224","0.0772","Apo"
"225","0.062","Apo"
"226","0.0569","Apo"
"227","0.0601","Apo"
"228","0.0554","Apo"
"229","0.0582","Apo"
"230","0.0676","Apo"
"231","0.0752","Apo"
"232","0.0867","Apo"
"233","0.1438","Apo"
"234","0.1802","Apo"
"235","0.1318","Apo"
"236","0.0967","Apo"
"237","0.0803","Apo"
"238","0.0753","Apo"
"239","0.0699","Apo"
"240","0.0656","Apo"
"241","0.0668","Apo"
"242","0.0615","Apo"
"243","0.0714","Apo"
"244","0.0865","Apo"
"245","0.1074","Apo"
"246","0.101","Apo"
"247","0.0852","Apo"
"248","0.0779","Apo"
"249","0.0833","Apo"
"250","0.0848","Apo"
"251","0.0809","Apo"
"252","0.0815","Apo"
"253","0.082","Apo"
"254","0.0889","Apo"
"255","0.1087","Apo"
"256","0.1335","Apo"
"257","0.1666","Apo"
"258","0.1502","Apo"
"259","0.1377","Apo"
"260","0.1168","Apo"
"261","0.0916","Apo"
"262","0.0988","Apo"
"263","0.097","Apo"
"264","0.0984","Apo"
"265","0.117","Apo"
"266","0.1073","Apo"
"267","0.1077","Apo"
"268","0.1017","Apo"
"269","0.1316","Apo"
"270","0.1368","Apo"
"271","0.0846","Apo"
"272","0.0752","Apo"
"273","0.059","Apo"
"274","0.0528","Apo"
"275","0.0576","Apo"
"276","0.0586","Apo"
"277","0.0684","Apo"
"278","0.0779","Apo"
"279","0.1018","Apo"
"280","0.1561","Apo"
"281","0.1868","Apo"
"282","0.174","Apo"
"283","0.1366","Apo"
"284","0.1001","Apo"
"285","0.083","Apo"
"286","0.0712","Apo"
"287","0.0634","Apo"
"288","0.063","Apo"
"289","0.059","Apo"
"290","0.0656","Apo"
"291","0.0885","Apo"
"292","0.1125","Apo"
"293","0.1299","Apo"
"294","0.1123","Apo"
"295","0.1106","Apo"
"296","0.082","Apo"
"297","0.0771","Apo"
"298","0.0795","Apo"
"299","0.0939","Apo"
"300","0.0828","Apo"
"301","0.0909","Apo"
"302","0.0957","Apo"
"303","0.1067","Apo"
"304","0.1578","Apo"
"305","0.1627","Apo"
"306","0.1936","Apo"
"307","0.193","Apo"
"308","0.1613","Apo"
"309","0.1405","Apo"
"310","0.1194","Apo"
"311","0.123","Apo"
"312","0.1171","Apo"
"313","0.1133","Apo"
"314","0.1009","Apo"
"315","0.0897","Apo"
"316","0.0766","Apo"
"317","0.085","Apo"
"318","0.0787","Apo"
"319","0.0732","Apo"
"320","0.0625","Apo"
"321","0.0543","Apo"
"322","0.0526","Apo"
"323","0.0539","Apo"
"324","0.0539","Apo"
"325","0.058","Apo"
"326","0.0714","Apo"
"327","0.089","Apo"
"328","0.1152","Apo"
"329","0.1555","Apo"
"330","0.1488","Apo"
"331","0.1026","Apo"
"332","0.0773","Apo"
"333","0.0671","Apo"
"334","0.057","Apo"
"335","0.0534","Apo"
"336","0.0554","Apo"
"337","0.0528","Apo"
"338","0.0627","Apo"
"339","0.08","Apo"
"340","0.1107","Apo"
"341","0.1062","Apo"
"342","0.0788","Apo"
"343","0.0702","Apo"
"344","0.0818","Apo"
"345","0.0713","Apo"
"346","0.0681","Apo"
"347","0.0697","Apo"
"348","0.0772","Apo"
"349","0.0827","Apo"
"350","0.1123","Apo"
"351","0.1308","Apo"
"352","0.1705","Apo"
"353","0.1714","Apo"
"354","0.1232","Apo"
"355","0.1105","Apo"
"356","0.0907","Apo"
"357","0.0967","Apo"
"358","0.0895","Apo"
"359","0.0859","Apo"
"360","0.0885","Apo"
"361","0.0845","Apo"
"362","0.0764","Apo"
"363","0.0915","Apo"
"364","0.0999","Apo"
"365","0.0835","Apo"
"366","0.0704","Apo"
"367","0.0538","Apo"
"368","0.0495","Apo"
"369","0.0476","Apo"
"370","0.0495","Apo"
"371","0.0561","Apo"
"372","0.0749","Apo"
"373","0.0863","Apo"
"374","0.1047","Apo"
"375","0.1754","Apo"
"376","0.2135","Apo"
"377","0.2289","A675V"
"378","0.1999","A675V"
"379","0.2","A675V"
"380","0.1888","A675V"
"381","0.1939","A675V"
"382","0.1588","A675V"
"383","0.1768","A675V"
"384","0.2092","A675V"
"385","0.1873","A675V"
"386","0.1912","A675V"
"387","0.1634","A675V"
"388","0.1759","A675V"
"389","0.1722","A675V"
"390","0.1989","A675V"
"391","0.1953","A675V"
"392","0.1947","A675V"
"393","0.1661","A675V"
"394","0.1598","A675V"
"395","0.1963","A675V"
"396","0.1793","A675V"
"397","0.1879","A675V"
"398","0.2431","A675V"
"399","0.2365","A675V"
"400","0.1931","A675V"
"401","0.2045","A675V"
"402","0.1524","A675V"
"403","0.1975","A675V"
"404","0.2274","A675V"
"405","0.2021","A675V"
"406","0.2533","A675V"
"407","0.3391","A675V"
"408","0.4157","A675V"
"409","0.4654","A675V"
"410","0.4278","A675V"
"411","0.3547","A675V"
"412","0.3494","A675V"
"413","0.3082","A675V"
"414","0.3035","A675V"
"415","0.2933","A675V"
"416","0.3533","A675V"
"417","0.3495","A675V"
"418","0.3501","A675V"
"419","0.2838","A675V"
"420","0.2569","A675V"
"421","0.2248","A675V"
"422","0.1916","A675V"
"423","0.1924","A675V"
"424","0.1509","A675V"
"425","0.1262","A675V"
"426","0.1199","A675V"
"427","0.1137","A675V"
"428","0.0976","A675V"
"429","0.0941","A675V"
"430","0.1019","A675V"
"431","0.0964","A675V"
"432","0.0803","A675V"
"433","0.0934","A675V"
"434","0.1073","A675V"
"435","0.0929","A675V"
"436","0.0995","A675V"
"437","0.1258","A675V"
"438","0.1343","A675V"
"439","0.1373","A675V"
"440","0.1866","A675V"
"441","0.192","A675V"
"442","0.1819","A675V"
"443","0.166","A675V"
"444","0.1284","A675V"
"445","0.1261","A675V"
"446","0.145","A675V"
"447","0.1492","A675V"
"448","0.1484","A675V"
"449","0.1565","A675V"
"450","0.1318","A675V"
"451","0.1295","A675V"
"452","0.1526","A675V"
"453","0.1373","A675V"
"454","0.1112","A675V"
"455","0.1447","A675V"
"456","0.1634","A675V"
"457","0.1319","A675V"
"458","0.1302","A675V"
"459","0.1732","A675V"
"460","0.1716","A675V"
"461","0.1477","A675V"
"462","0.1736","A675V"
"463","0.1429","A675V"
"464","0.1441","A675V"
"465","0.1274","A675V"
"466","0.1443","A675V"
"467","0.2024","A675V"
"468","0.1422","A675V"
"469","0.1248","A675V"
"470","0.1135","A675V"
"471","0.093","A675V"
"472","0.086","A675V"
"473","0.0696","A675V"
"474","0.0668","A675V"
"475","0.0657","A675V"
"476","0.0581","A675V"
"477","0.0708","A675V"
"478","0.0991","A675V"
"479","0.1178","A675V"
"480","0.1265","A675V"
"481","0.1081","A675V"
"482","0.082","A675V"
"483","0.0814","A675V"
"484","0.0875","A675V"
"485","0.0949","A675V"
"486","0.0918","A675V"
"487","0.0912","A675V"
"488","0.1005","A675V"
"489","0.1032","A675V"
"490","0.1505","A675V"
"491","0.2402","A675V"
"492","0.2468","A675V"
"493","0.191","A675V"
"494","0.17","A675V"
"495","0.1237","A675V"
"496","0.1051","A675V"
"497","0.119","A675V"
"498","0.1195","A675V"
"499","0.1223","A675V"
"500","0.1271","A675V"
"501","0.1093","A675V"
"502","0.0964","A675V"
"503","0.1064","A675V"
"504","0.0985","A675V"
"505","0.0852","A675V"
"506","0.0668","A675V"
"507","0.0524","A675V"
"508","0.0452","A675V"
"509","0.0448","A675V"
"510","0.0484","A675V"
"511","0.0555","A675V"
"512","0.0708","A675V"
"513","0.0885","A675V"
"514","0.109","A675V"
"515","0.154","A675V"
"516","0.1331","A675V"
"517","0.1046","A675V"
"518","0.0868","A675V"
"519","0.0758","A675V"
"520","0.0608","A675V"
"521","0.0543","A675V"
"522","0.0547","A675V"
"523","0.0504","A675V"
"524","0.0664","A675V"
"525","0.0839","A675V"
"526","0.1126","A675V"
"527","0.1199","A675V"
"528","0.1039","A675V"
"529","0.0964","A675V"
"530","0.0649","A675V"
"531","0.0618","A675V"
"532","0.0669","A675V"
"533","0.0885","A675V"
"534","0.0777","A675V"
"535","0.079","A675V"
"536","0.0908","A675V"
"537","0.1011","A675V"
"538","0.1183","A675V"
"539","0.1428","A675V"
"540","0.1382","A675V"
"541","0.1427","A675V"
"542","0.1354","A675V"
"543","0.1213","A675V"
"544","0.107","A675V"
"545","0.1105","A675V"
"546","0.1086","A675V"
"547","0.1185","A675V"
"548","0.1078","A675V"
"549","0.0896","A675V"
"550","0.0729","A675V"
"551","0.0778","A675V"
"552","0.0692","A675V"
"553","0.0596","A675V"
"554","0.0524","A675V"
"555","0.0492","A675V"
"556","0.0493","A675V"
"557","0.0515","A675V"
"558","0.0601","A675V"
"559","0.0685","A675V"
"560","0.0743","A675V"
"561","0.0937","A675V"
"562","0.1178","A675V"
"563","0.155","A675V"
"564","0.1494","A675V"
"565","0.1069","A675V"
"566","0.0854","A675V"
"567","0.0772","A675V"
"568","0.0624","A675V"
"569","0.0627","A675V"
"570","0.0656","A675V"
"571","0.0564","A675V"
"572","0.0616","A675V"
"573","0.0696","A675V"
"574","0.0932","A675V"
"575","0.1086","A675V"
"576","0.0924","A675V"
"577","0.0776","A675V"
"578","0.0764","A675V"
"579","0.0805","A675V"
"580","0.0767","A675V"
"581","0.0744","A675V"
"582","0.0778","A675V"
"583","0.0839","A675V"
"584","0.0944","A675V"
"585","0.1905","A675V"
"586","0.215","A675V"
"587","0.2918","A675V"
"588","0.2675","A675V"
"589","0.3061","A675V"
"590","0.2128","A675V"
"591","0.0966","A675V"
"592","0.0997","A675V"
"593","0.1079","A675V"
"594","0.1014","A675V"
"595","0.107","A675V"
"596","0.0956","A675V"
"597","0.0926","A675V"
"598","0.1108","A675V"
"599","0.0992","A675V"
"600","0.0867","A675V"
"601","0.0808","A675V"
"602","0.0614","A675V"
"603","0.0616","A675V"
"604","0.0627","A675V"
"605","0.074","A675V"
"606","0.0775","A675V"
"607","0.0841","A675V"
"608","0.1013","A675V"
"609","0.1378","A675V"
"610","0.1891","A675V"
"611","0.1538","A675V"
"612","0.117","A675V"
"613","0.1047","A675V"
"614","0.0963","A675V"
"615","0.0862","A675V"
"616","0.0846","A675V"
"617","0.0852","A675V"
"618","0.0725","A675V"
"619","0.0964","A675V"
"620","0.1159","A675V"
"621","0.1399","A675V"
"622","0.1331","A675V"
"623","0.1051","A675V"
"624","0.1051","A675V"
"625","0.1106","A675V"
"626","0.1132","A675V"
"627","0.1053","A675V"
"628","0.1119","A675V"
"629","0.1176","A675V"
"630","0.1219","A675V"
"631","0.1413","A675V"
"632","0.1565","A675V"
"633","0.1894","A675V"
"634","0.1757","A675V"
"635","0.1579","A675V"
"636","0.1414","A675V"
"637","0.1217","A675V"
"638","0.1399","A675V"
"639","0.1315","A675V"
"640","0.1293","A675V"
"641","0.1455","A675V"
"642","0.1324","A675V"
"643","0.1256","A675V"
"644","0.1178","A675V"
"645","0.1444","A675V"
"646","0.1481","A675V"
"647","0.1085","A675V"
"648","0.1025","A675V"
"649","0.0674","A675V"
"650","0.0524","A675V"
"651","0.0522","A675V"
"652","0.0525","A675V"
"653","0.0718","A675V"
"654","0.0875","A675V"
"655","0.1137","A675V"
"656","0.1288","A675V"
"657","0.1715","A675V"
"658","0.1759","A675V"
"659","0.141","A675V"
"660","0.1126","A675V"
"661","0.0947","A675V"
"662","0.0775","A675V"
"663","0.0631","A675V"
"664","0.0589","A675V"
"665","0.0592","A675V"
"666","0.0761","A675V"
"667","0.0962","A675V"
"668","0.1191","A675V"
"669","0.138","A675V"
"670","0.1184","A675V"
"671","0.1044","A675V"
"672","0.081","A675V"
"673","0.0755","A675V"
"674","0.0732","A675V"
"675","0.0861","A675V"
"676","0.0774","A675V"
"677","0.0918","A675V"
"678","0.1058","A675V"
"679","0.126","A675V"
"680","0.1724","A675V"
"681","0.2011","A675V"
"682","0.2538","A675V"
"683","0.2364","A675V"
"684","0.1954","A675V"
"685","0.1723","A675V"
"686","0.1414","A675V"
"687","0.14","A675V"
"688","0.1155","A675V"
"689","0.1096","A675V"
"690","0.0965","A675V"
"691","0.0833","A675V"
"692","0.0664","A675V"
"693","0.0711","A675V"
"694","0.0706","A675V"
"695","0.0702","A675V"
"696","0.0584","A675V"
"697","0.0536","A675V"
"698","0.0454","A675V"
"699","0.0447","A675V"
"700","0.0505","A675V"
"701","0.0528","A675V"
"702","0.074","A675V"
"703","0.0944","A675V"
"704","0.1237","A675V"
"705","0.1586","A675V"
"706","0.1544","A675V"
"707","0.1102","A675V"
"708","0.0822","A675V"
"709","0.0698","A675V"
"710","0.0536","A675V"
"711","0.0525","A675V"
"712","0.0545","A675V"
"713","0.0507","A675V"
"714","0.0636","A675V"
"715","0.0787","A675V"
"716","0.1164","A675V"
"717","0.1044","A675V"
"718","0.0799","A675V"
"719","0.0713","A675V"
"720","0.0744","A675V"
"721","0.0691","A675V"
"722","0.0642","A675V"
"723","0.065","A675V"
"724","0.0766","A675V"
"725","0.0821","A675V"
"726","0.1049","A675V"
"727","0.1187","A675V"
"728","0.1456","A675V"
"729","0.1392","A675V"
"730","0.1196","A675V"
"731","0.1084","A675V"
"732","0.0821","A675V"
"733","0.0902","A675V"
"734","0.0878","A675V"
"735","0.092","A675V"
"736","0.0941","A675V"
"737","0.086","A675V"
"738","0.0834","A675V"
"739","0.1016","A675V"
"740","0.0928","A675V"
"741","0.0804","A675V"
"742","0.0658","A675V"
"743","0.0527","A675V"
"744","0.0479","A675V"
"745","0.0479","A675V"
"746","0.0492","A675V"
"747","0.0607","A675V"
"748","0.077","A675V"
"749","0.1002","A675V"
"750","0.1312","A675V"
"751","0.1196","A675V"
"752","0.143","A675V"
"753","0.2486","C580Y"
"754","0.1886","C580Y"
"755","0.1663","C580Y"
"756","0.139","C580Y"
"757","0.132","C580Y"
"758","0.1121","C580Y"
"759","0.1434","C580Y"
"760","0.1618","C580Y"
"761","0.1414","C580Y"
"762","0.1376","C580Y"
"763","0.1269","C580Y"
"764","0.1583","C580Y"
"765","0.178","C580Y"
"766","0.2","C580Y"
"767","0.207","C580Y"
"768","0.1768","C580Y"
"769","0.1761","C580Y"
"770","0.2382","C580Y"
"771","0.2703","C580Y"
"772","0.253","C580Y"
"773","0.151","C580Y"
"774","0.2017","C580Y"
"775","0.1667","C580Y"
"776","0.1232","C580Y"
"777","0.122","C580Y"
"778","0.1069","C580Y"
"779","0.1309","C580Y"
"780","0.1507","C580Y"
"781","0.1532","C580Y"
"782","0.1722","C580Y"
"783","0.223","C580Y"
"784","0.2978","C580Y"
"785","0.2781","C580Y"
"786","0.2266","C580Y"
"787","0.2295","C580Y"
"788","0.2087","C580Y"
"789","0.196","C580Y"
"790","0.1975","C580Y"
"791","0.2122","C580Y"
"792","0.28","C580Y"
"793","0.2656","C580Y"
"794","0.2444","C580Y"
"795","0.1979","C580Y"
"796","0.1698","C580Y"
"797","0.144","C580Y"
"798","0.1298","C580Y"
"799","0.1418","C580Y"
"800","0.1154","C580Y"
"801","0.11","C580Y"
"802","0.1018","C580Y"
"803","0.1143","C580Y"
"804","0.0965","C580Y"
"805","0.0823","C580Y"
"806","0.1026","C580Y"
"807","0.1129","C580Y"
"808","0.0915","C580Y"
"809","0.1074","C580Y"
"810","0.1004","C580Y"
"811","0.0816","C580Y"
"812","0.106","C580Y"
"813","0.1168","C580Y"
"814","0.1236","C580Y"
"815","0.1182","C580Y"
"816","0.1326","C580Y"
"817","0.1442","C580Y"
"818","0.1044","C580Y"
"819","0.1003","C580Y"
"820","0.103","C580Y"
"821","0.1056","C580Y"
"822","0.1276","C580Y"
"823","0.1133","C580Y"
"824","0.101","C580Y"
"825","0.1141","C580Y"
"826","0.1034","C580Y"
"827","0.0859","C580Y"
"828","0.0954","C580Y"
"829","0.0972","C580Y"
"830","0.0779","C580Y"
"831","0.083","C580Y"
"832","0.0997","C580Y"
"833","0.08","C580Y"
"834","0.0764","C580Y"
"835","0.1007","C580Y"
"836","0.0998","C580Y"
"837","0.0821","C580Y"
"838","0.0999","C580Y"
"839","0.0798","C580Y"
"840","0.0763","C580Y"
"841","0.0736","C580Y"
"842","0.0815","C580Y"
"843","0.1018","C580Y"
"844","0.0895","C580Y"
"845","0.0775","C580Y"
"846","0.069","C580Y"
"847","0.0593","C580Y"
"848","0.0575","C580Y"
"849","0.0509","C580Y"
"850","0.0506","C580Y"
"851","0.0501","C580Y"
"852","0.0495","C580Y"
"853","0.0578","C580Y"
"854","0.0819","C580Y"
"855","0.1025","C580Y"
"856","0.1048","C580Y"
"857","0.0819","C580Y"
"858","0.0622","C580Y"
"859","0.0579","C580Y"
"860","0.0632","C580Y"
"861","0.0669","C580Y"
"862","0.0669","C580Y"
"863","0.0743","C580Y"
"864","0.073","C580Y"
"865","0.0887","C580Y"
"866","0.1831","C580Y"
"867","0.2207","C580Y"
"868","0.2413","C580Y"
"869","0.1891","C580Y"
"870","0.1402","C580Y"
"871","0.0956","C580Y"
"872","0.0824","C580Y"
"873","0.0987","C580Y"
"874","0.0926","C580Y"
"875","0.089","C580Y"
"876","0.0886","C580Y"
"877","0.0737","C580Y"
"878","0.0723","C580Y"
"879","0.0783","C580Y"
"880","0.0771","C580Y"
"881","0.0668","C580Y"
"882","0.0603","C580Y"
"883","0.0511","C580Y"
"884","0.0454","C580Y"
"885","0.0453","C580Y"
"886","0.0465","C580Y"
"887","0.0474","C580Y"
"888","0.0562","C580Y"
"889","0.0675","C580Y"
"890","0.088","C580Y"
"891","0.1455","C580Y"
"892","0.0939","C580Y"
"893","0.0686","C580Y"
"894","0.0614","C580Y"
"895","0.0555","C580Y"
"896","0.0488","C580Y"
"897","0.0457","C580Y"
"898","0.0511","C580Y"
"899","0.0519","C580Y"
"900","0.0626","C580Y"
"901","0.0773","C580Y"
"902","0.1025","C580Y"
"903","0.1213","C580Y"
"904","0.0897","C580Y"
"905","0.0821","C580Y"
"906","0.0617","C580Y"
"907","0.0596","C580Y"
"908","0.0681","C580Y"
"909","0.0849","C580Y"
"910","0.0785","C580Y"
"911","0.0584","C580Y"
"912","0.0616","C580Y"
"913","0.0644","C580Y"
"914","0.0687","C580Y"
"915","0.0691","C580Y"
"916","0.0772","C580Y"
"917","0.0896","C580Y"
"918","0.0829","C580Y"
"919","0.0798","C580Y"
"920","0.0785","C580Y"
"921","0.0851","C580Y"
"922","0.0996","C580Y"
"923","0.1378","C580Y"
"924","0.0893","C580Y"
"925","0.0786","C580Y"
"926","0.0628","C580Y"
"927","0.0748","C580Y"
"928","0.0769","C580Y"
"929","0.0625","C580Y"
"930","0.0588","C580Y"
"931","0.0477","C580Y"
"932","0.0486","C580Y"
"933","0.0572","C580Y"
"934","0.0528","C580Y"
"935","0.0556","C580Y"
"936","0.0577","C580Y"
"937","0.0694","C580Y"
"938","0.0839","C580Y"
"939","0.1093","C580Y"
"940","0.1125","C580Y"
"941","0.0829","C580Y"
"942","0.0669","C580Y"
"943","0.06","C580Y"
"944","0.0513","C580Y"
"945","0.0497","C580Y"
"946","0.0759","C580Y"
"947","0.0545","C580Y"
"948","0.0596","C580Y"
"949","0.0803","C580Y"
"950","0.1088","C580Y"
"951","0.1177","C580Y"
"952","0.0956","C580Y"
"953","0.0816","C580Y"
"954","0.0945","C580Y"
"955","0.0879","C580Y"
"956","0.0999","C580Y"
"957","0.0687","C580Y"
"958","0.0693","C580Y"
"959","0.071","C580Y"
"960","0.0784","C580Y"
"961","0.1026","C580Y"
"962","0.1368","C580Y"
"963","0.161","C580Y"
"964","0.1354","C580Y"
"965","0.1224","C580Y"
"966","0.1058","C580Y"
"967","0.0869","C580Y"
"968","0.0984","C580Y"
"969","0.1013","C580Y"
"970","0.0838","C580Y"
"971","0.0884","C580Y"
"972","0.0823","C580Y"
"973","0.0846","C580Y"
"974","0.105","C580Y"
"975","0.0895","C580Y"
"976","0.0796","C580Y"
"977","0.0722","C580Y"
"978","0.0667","C580Y"
"979","0.0636","C580Y"
"980","0.0511","C580Y"
"981","0.0474","C580Y"
"982","0.0573","C580Y"
"983","0.0654","C580Y"
"984","0.0803","C580Y"
"985","0.1059","C580Y"
"986","0.1527","C580Y"
"987","0.1122","C580Y"
"988","0.0944","C580Y"
"989","0.0719","C580Y"
"990","0.0667","C580Y"
"991","0.0578","C580Y"
"992","0.0564","C580Y"
"993","0.0604","C580Y"
"994","0.0602","C580Y"
"995","0.0749","C580Y"
"996","0.0925","C580Y"
"997","0.1557","C580Y"
"998","0.1177","C580Y"
"999","0.0912","C580Y"
"1000","0.0751","C580Y"
"1001","0.0785","C580Y"
"1002","0.0763","C580Y"
"1003","0.0728","C580Y"
"1004","0.0765","C580Y"
"1005","0.0737","C580Y"
"1006","0.0824","C580Y"
"1007","0.0992","C580Y"
"1008","0.1056","C580Y"
"1009","0.1297","C580Y"
"1010","0.1277","C580Y"
"1011","0.1113","C580Y"
"1012","0.1051","C580Y"
"1013","0.0879","C580Y"
"1014","0.0952","C580Y"
"1015","0.0931","C580Y"
"1016","0.0976","C580Y"
"1017","0.1219","C580Y"
"1018","0.1001","C580Y"
"1019","0.0898","C580Y"
"1020","0.0834","C580Y"
"1021","0.1098","C580Y"
"1022","0.1014","C580Y"
"1023","0.0803","C580Y"
"1024","0.0761","C580Y"
"1025","0.0583","C580Y"
"1026","0.0474","C580Y"
"1027","0.0453","C580Y"
"1028","0.043","C580Y"
"1029","0.0513","C580Y"
"1030","0.0642","C580Y"
"1031","0.0878","C580Y"
"1032","0.1324","C580Y"
"1033","0.1494","C580Y"
"1034","0.1475","C580Y"
"1035","0.1108","C580Y"
"1036","0.0788","C580Y"
"1037","0.0674","C580Y"
"1038","0.0565","C580Y"
"1039","0.0519","C580Y"
"1040","0.0554","C580Y"
"1041","0.0524","C580Y"
"1042","0.064","C580Y"
"1043","0.0847","C580Y"
"1044","0.1167","C580Y"
"1045","0.1159","C580Y"
"1046","0.0979","C580Y"
"1047","0.0852","C580Y"
"1048","0.0691","C580Y"
"1049","0.0666","C580Y"
"1050","0.0696","C580Y"
"1051","0.0819","C580Y"
"1052","0.0745","C580Y"
"1053","0.0782","C580Y"
"1054","0.082","C580Y"
"1055","0.0839","C580Y"
"1056","0.1159","C580Y"
"1057","0.1509","C580Y"
"1058","0.1923","C580Y"
"1059","0.1766","C580Y"
"1060","0.1413","C580Y"
"1061","0.1236","C580Y"
"1062","0.104","C580Y"
"1063","0.1151","C580Y"
"1064","0.0989","C580Y"
"1065","0.0972","C580Y"
"1066","0.0931","C580Y"
"1067","0.0845","C580Y"
"1068","0.07","C580Y"
"1069","0.0735","C580Y"
"1070","0.0689","C580Y"
"1071","0.0646","C580Y"
"1072","0.0519","C580Y"
"1073","0.047","C580Y"
"1074","0.0439","C580Y"
"1075","0.0446","C580Y"
"1076","0.0502","C580Y"
"1077","0.0511","C580Y"
"1078","0.057","C580Y"
"1079","0.0723","C580Y"
"1080","0.107","C580Y"
"1081","0.1473","C580Y"
"1082","0.1769","C580Y"
"1083","0.1008","C580Y"
"1084","0.0689","C580Y"
"1085","0.0582","C580Y"
"1086","0.0492","C580Y"
"1087","0.0519","C580Y"
"1088","0.0491","C580Y"
"1089","0.0476","C580Y"
"1090","0.0584","C580Y"
"1091","0.0724","C580Y"
"1092","0.1195","C580Y"
"1093","0.0996","C580Y"
"1094","0.075","C580Y"
"1095","0.0711","C580Y"
"1096","0.0704","C580Y"
"1097","0.0572","C580Y"
"1098","0.0562","C580Y"
"1099","0.0602","C580Y"
"1100","0.07","C580Y"
"1101","0.0758","C580Y"
"1102","0.1097","C580Y"
"1103","0.1329","C580Y"
"1104","0.1448","C580Y"
"1105","0.1313","C580Y"
"1106","0.1132","C580Y"
"1107","0.1038","C580Y"
"1108","0.0844","C580Y"
"1109","0.0882","C580Y"
"1110","0.0815","C580Y"
"1111","0.0772","C580Y"
"1112","0.0798","C580Y"
"1113","0.0719","C580Y"
"1114","0.0754","C580Y"
"1115","0.1046","C580Y"
"1116","0.0917","C580Y"
"1117","0.0765","C580Y"
"1118","0.0728","C580Y"
"1119","0.0505","C580Y"
"1120","0.0474","C580Y"
"1121","0.0446","C580Y"
"1122","0.0462","C580Y"
"1123","0.0505","C580Y"
"1124","0.058","C580Y"
"1125","0.0596","C580Y"
"1126","0.0717","C580Y"
"1127","0.0752","C580Y"
"1128","0.0743","C580Y"
"1129","0.2016","M476I"
"1130","0.179","M476I"
"1131","0.1767","M476I"
"1132","0.1552","M476I"
"1133","0.1588","M476I"
"1134","0.1383","M476I"
"1135","0.1664","M476I"
"1136","0.1982","M476I"
"1137","0.1745","M476I"
"1138","0.1732","M476I"
"1139","0.1482","M476I"
"1140","0.1604","M476I"
"1141","0.1577","M476I"
"1142","0.1926","M476I"
"1143","0.1651","M476I"
"1144","0.17","M476I"
"1145","0.1441","M476I"
"1146","0.1331","M476I"
"1147","0.1732","M476I"
"1148","0.1767","M476I"
"1149","0.1672","M476I"
"1150","0.1984","M476I"
"1151","0.1845","M476I"
"1152","0.1479","M476I"
"1153","0.142","M476I"
"1154","0.1198","M476I"
"1155","0.1497","M476I"
"1156","0.1674","M476I"
"1157","0.1492","M476I"
"1158","0.1637","M476I"
"1159","0.1922","M476I"
"1160","0.2604","M476I"
"1161","0.255","M476I"
"1162","0.2238","M476I"
"1163","0.2343","M476I"
"1164","0.2083","M476I"
"1165","0.216","M476I"
"1166","0.2246","M476I"
"1167","0.2818","M476I"
"1168","0.4019","M476I"
"1169","0.3477","M476I"
"1170","0.2976","M476I"
"1171","0.2148","M476I"
"1172","0.1832","M476I"
"1173","0.165","M476I"
"1174","0.1393","M476I"
"1175","0.1531","M476I"
"1176","0.1143","M476I"
"1177","0.1077","M476I"
"1178","0.1059","M476I"
"1179","0.1074","M476I"
"1180","0.0858","M476I"
"1181","0.08","M476I"
"1182","0.1016","M476I"
"1183","0.0949","M476I"
"1184","0.0848","M476I"
"1185","0.1044","M476I"
"1186","0.1345","M476I"
"1187","0.1245","M476I"
"1188","0.1174","M476I"
"1189","0.1453","M476I"
"1190","0.1617","M476I"
"1191","0.1569","M476I"
"1192","0.1881","M476I"
"1193","0.1823","M476I"
"1194","0.1469","M476I"
"1195","0.1297","M476I"
"1196","0.1028","M476I"
"1197","0.1019","M476I"
"1198","0.1228","M476I"
"1199","0.1127","M476I"
"1200","0.1018","M476I"
"1201","0.1123","M476I"
"1202","0.102","M476I"
"1203","0.0878","M476I"
"1204","0.0989","M476I"
"1205","0.0983","M476I"
"1206","0.0823","M476I"
"1207","0.0985","M476I"
"1208","0.1096","M476I"
"1209","0.0885","M476I"
"1210","0.0925","M476I"
"1211","0.1234","M476I"
"1212","0.1166","M476I"
"1213","0.0964","M476I"
"1214","0.1231","M476I"
"1215","0.1087","M476I"
"1216","0.1154","M476I"
"1217","0.1155","M476I"
"1218","0.1361","M476I"
"1219","0.1573","M476I"
"1220","0.1305","M476I"
"1221","0.1015","M476I"
"1222","0.0871","M476I"
"1223","0.0698","M476I"
"1224","0.0682","M476I"
"1225","0.058","M476I"
"1226","0.0607","M476I"
"1227","0.0577","M476I"
"1228","0.054","M476I"
"1229","0.0605","M476I"
"1230","0.0807","M476I"
"1231","0.0989","M476I"
"1232","0.104","M476I"
"1233","0.0873","M476I"
"1234","0.0673","M476I"
"1235","0.0638","M476I"
"1236","0.0702","M476I"
"1237","0.0718","M476I"
"1238","0.0706","M476I"
"1239","0.0746","M476I"
"1240","0.0783","M476I"
"1241","0.0814","M476I"
"1242","0.1252","M476I"
"1243","0.2089","M476I"
"1244","0.2358","M476I"
"1245","0.1822","M476I"
"1246","0.151","M476I"
"1247","0.106","M476I"
"1248","0.0905","M476I"
"1249","0.099","M476I"
"1250","0.0951","M476I"
"1251","0.0937","M476I"
"1252","0.0942","M476I"
"1253","0.0856","M476I"
"1254","0.0828","M476I"
"1255","0.0989","M476I"
"1256","0.088","M476I"
"1257","0.072","M476I"
"1258","0.0616","M476I"
"1259","0.0558","M476I"
"1260","0.0482","M476I"
"1261","0.0463","M476I"
"1262","0.0471","M476I"
"1263","0.0493","M476I"
"1264","0.0594","M476I"
"1265","0.0745","M476I"
"1266","0.0985","M476I"
"1267","0.151","M476I"
"1268","0.1101","M476I"
"1269","0.0732","M476I"
"1270","0.066","M476I"
"1271","0.0583","M476I"
"1272","0.0528","M476I"
"1273","0.0493","M476I"
"1274","0.0494","M476I"
"1275","0.0501","M476I"
"1276","0.0666","M476I"
"1277","0.0776","M476I"
"1278","0.1039","M476I"
"1279","0.1124","M476I"
"1280","0.0936","M476I"
"1281","0.09","M476I"
"1282","0.0649","M476I"
"1283","0.0619","M476I"
"1284","0.0734","M476I"
"1285","0.0725","M476I"
"1286","0.0695","M476I"
"1287","0.0607","M476I"
"1288","0.0639","M476I"
"1289","0.0719","M476I"
"1290","0.0787","M476I"
"1291","0.0933","M476I"
"1292","0.0971","M476I"
"1293","0.099","M476I"
"1294","0.0962","M476I"
"1295","0.0904","M476I"
"1296","0.0815","M476I"
"1297","0.0891","M476I"
"1298","0.0978","M476I"
"1299","0.1148","M476I"
"1300","0.089","M476I"
"1301","0.0793","M476I"
"1302","0.0728","M476I"
"1303","0.1161","M476I"
"1304","0.1046","M476I"
"1305","0.0721","M476I"
"1306","0.0517","M476I"
"1307","0.0488","M476I"
"1308","0.0478","M476I"
"1309","0.0482","M476I"
"1310","0.0595","M476I"
"1311","0.0662","M476I"
"1312","0.0604","M476I"
"1313","0.0753","M476I"
"1314","0.0952","M476I"
"1315","0.1565","M476I"
"1316","0.1409","M476I"
"1317","0.0932","M476I"
"1318","0.074","M476I"
"1319","0.0647","M476I"
"1320","0.0539","M476I"
"1321","0.0541","M476I"
"1322","0.0567","M476I"
"1323","0.0508","M476I"
"1324","0.0569","M476I"
"1325","0.0676","M476I"
"1326","0.0916","M476I"
"1327","0.1067","M476I"
"1328","0.0847","M476I"
"1329","0.0701","M476I"
"1330","0.0661","M476I"
"1331","0.0683","M476I"
"1332","0.0692","M476I"
"1333","0.0631","M476I"
"1334","0.0723","M476I"
"1335","0.0752","M476I"
"1336","0.0789","M476I"
"1337","0.1187","M476I"
"1338","0.1409","M476I"
"1339","0.1882","M476I"
"1340","0.1756","M476I"
"1341","0.1395","M476I"
"1342","0.1247","M476I"
"1343","0.0998","M476I"
"1344","0.128","M476I"
"1345","0.1293","M476I"
"1346","0.0932","M476I"
"1347","0.0879","M476I"
"1348","0.0785","M476I"
"1349","0.0771","M476I"
"1350","0.1001","M476I"
"1351","0.0939","M476I"
"1352","0.0748","M476I"
"1353","0.0649","M476I"
"1354","0.0569","M476I"
"1355","0.0585","M476I"
"1356","0.0522","M476I"
"1357","0.0526","M476I"
"1358","0.06","M476I"
"1359","0.0679","M476I"
"1360","0.0868","M476I"
"1361","0.142","M476I"
"1362","0.2172","M476I"
"1363","0.1424","M476I"
"1364","0.1022","M476I"
"1365","0.0783","M476I"
"1366","0.0726","M476I"
"1367","0.0631","M476I"
"1368","0.0623","M476I"
"1369","0.0647","M476I"
"1370","0.0599","M476I"
"1371","0.0679","M476I"
"1372","0.0839","M476I"
"1373","0.122","M476I"
"1374","0.0955","M476I"
"1375","0.0759","M476I"
"1376","0.0757","M476I"
"1377","0.0799","M476I"
"1378","0.0824","M476I"
"1379","0.0768","M476I"
"1380","0.0797","M476I"
"1381","0.0812","M476I"
"1382","0.0906","M476I"
"1383","0.1109","M476I"
"1384","0.1421","M476I"
"1385","0.1711","M476I"
"1386","0.1551","M476I"
"1387","0.1393","M476I"
"1388","0.1162","M476I"
"1389","0.0923","M476I"
"1390","0.1004","M476I"
"1391","0.0976","M476I"
"1392","0.0982","M476I"
"1393","0.1162","M476I"
"1394","0.1065","M476I"
"1395","0.1029","M476I"
"1396","0.0914","M476I"
"1397","0.1094","M476I"
"1398","0.0929","M476I"
"1399","0.0782","M476I"
"1400","0.0653","M476I"
"1401","0.0539","M476I"
"1402","0.0474","M476I"
"1403","0.0468","M476I"
"1404","0.0468","M476I"
"1405","0.0573","M476I"
"1406","0.0692","M476I"
"1407","0.0917","M476I"
"1408","0.114","M476I"
"1409","0.1562","M476I"
"1410","0.1602","M476I"
"1411","0.1223","M476I"
"1412","0.0926","M476I"
"1413","0.0738","M476I"
"1414","0.0607","M476I"
"1415","0.0519","M476I"
"1416","0.0527","M476I"
"1417","0.0511","M476I"
"1418","0.0615","M476I"
"1419","0.0738","M476I"
"1420","0.0884","M476I"
"1421","0.1069","M476I"
"1422","0.0949","M476I"
"1423","0.087","M476I"
"1424","0.0687","M476I"
"1425","0.0641","M476I"
"1426","0.0678","M476I"
"1427","0.0734","M476I"
"1428","0.0676","M476I"
"1429","0.0775","M476I"
"1430","0.0852","M476I"
"1431","0.0937","M476I"
"1432","0.1319","M476I"
"1433","0.1571","M476I"
"1434","0.2005","M476I"
"1435","0.1883","M476I"
"1436","0.1504","M476I"
"1437","0.1392","M476I"
"1438","0.1102","M476I"
"1439","0.1093","M476I"
"1440","0.0971","M476I"
"1441","0.0965","M476I"
"1442","0.0883","M476I"
"1443","0.0788","M476I"
"1444","0.0681","M476I"
"1445","0.0765","M476I"
"1446","0.0796","M476I"
"1447","0.07","M476I"
"1448","0.0574","M476I"
"1449","0.0511","M476I"
"1450","0.047","M476I"
"1451","0.0446","M476I"
"1452","0.0479","M476I"
"1453","0.0516","M476I"
"1454","0.0656","M476I"
"1455","0.0797","M476I"
"1456","0.1039","M476I"
"1457","0.1347","M476I"
"1458","0.1325","M476I"
"1459","0.0964","M476I"
"1460","0.0713","M476I"
"1461","0.061","M476I"
"1462","0.0533","M476I"
"1463","0.051","M476I"
"1464","0.0535","M476I"
"1465","0.0494","M476I"
"1466","0.0615","M476I"
"1467","0.0746","M476I"
"1468","0.1135","M476I"
"1469","0.0923","M476I"
"1470","0.0705","M476I"
"1471","0.0671","M476I"
"1472","0.0788","M476I"
"1473","0.0691","M476I"
"1474","0.065","M476I"
"1475","0.0646","M476I"
"1476","0.0712","M476I"
"1477","0.0745","M476I"
"1478","0.0926","M476I"
"1479","0.111","M476I"
"1480","0.1392","M476I"
"1481","0.1288","M476I"
"1482","0.1094","M476I"
"1483","0.1024","M476I"
"1484","0.0821","M476I"
"1485","0.0886","M476I"
"1486","0.0852","M476I"
"1487","0.0839","M476I"
"1488","0.0875","M476I"
"1489","0.0887","M476I"
"1490","0.0782","M476I"
"1491","0.0852","M476I"
"1492","0.0808","M476I"
"1493","0.0722","M476I"
"1494","0.0601","M476I"
"1495","0.0495","M476I"
"1496","0.0477","M476I"
"1497","0.0469","M476I"
"1498","0.047","M476I"
"1499","0.0535","M476I"
"1500","0.0674","M476I"
"1501","0.0813","M476I"
"1502","0.0882","M476I"
"1503","0.0991","M476I"
"1504","0.1242","M476I"
"1505","0.191","P553L"
"1506","0.1645","P553L"
"1507","0.1796","P553L"
"1508","0.1543","P553L"
"1509","0.1379","P553L"
"1510","0.1193","P553L"
"1511","0.1363","P553L"
"1512","0.1494","P553L"
"1513","0.1406","P553L"
"1514","0.1415","P553L"
"1515","0.1374","P553L"
"1516","0.1762","P553L"
"1517","0.1786","P553L"
"1518","0.2039","P553L"
"1519","0.1933","P553L"
"1520","0.2026","P553L"
"1521","0.1841","P553L"
"1522","0.1575","P553L"
"1523","0.1719","P553L"
"1524","0.1911","P553L"
"1525","0.2065","P553L"
"1526","0.2642","P553L"
"1527","0.2211","P553L"
"1528","0.1607","P553L"
"1529","0.1369","P553L"
"1530","0.1392","P553L"
"1531","0.164","P553L"
"1532","0.175","P553L"
"1533","0.1731","P553L"
"1534","0.1732","P553L"
"1535","0.2322","P553L"
"1536","0.3089","P553L"
"1537","0.2553","P553L"
"1538","0.2422","P553L"
"1539","0.2764","P553L"
"1540","0.2162","P553L"
"1541","0.2314","P553L"
"1542","0.2919","P553L"
"1543","0.3447","P553L"
"1544","0.4696","P553L"
"1545","0.4771","P553L"
"1546","0.4209","P553L"
"1547","0.3228","P553L"
"1548","0.2327","P553L"
"1549","0.1548","P553L"
"1550","0.1362","P553L"
"1551","0.1466","P553L"
"1552","0.1132","P553L"
"1553","0.1033","P553L"
"1554","0.0931","P553L"
"1555","0.0987","P553L"
"1556","0.0886","P553L"
"1557","0.0765","P553L"
"1558","0.0926","P553L"
"1559","0.0924","P553L"
"1560","0.0818","P553L"
"1561","0.0978","P553L"
"1562","0.1247","P553L"
"1563","0.1134","P553L"
"1564","0.11","P553L"
"1565","0.1368","P553L"
"1566","0.1576","P553L"
"1567","0.167","P553L"
"1568","0.1918","P553L"
"1569","0.1835","P553L"
"1570","0.1324","P553L"
"1571","0.1042","P553L"
"1572","0.0997","P553L"
"1573","0.1029","P553L"
"1574","0.1217","P553L"
"1575","0.1109","P553L"
"1576","0.1005","P553L"
"1577","0.1106","P553L"
"1578","0.0999","P553L"
"1579","0.0896","P553L"
"1580","0.1046","P553L"
"1581","0.1053","P553L"
"1582","0.0901","P553L"
"1583","0.1038","P553L"
"1584","0.1179","P553L"
"1585","0.0976","P553L"
"1586","0.1008","P553L"
"1587","0.1238","P553L"
"1588","0.1136","P553L"
"1589","0.1014","P553L"
"1590","0.1209","P553L"
"1591","0.1115","P553L"
"1592","0.1175","P553L"
"1593","0.1195","P553L"
"1594","0.1441","P553L"
"1595","0.1677","P553L"
"1596","0.1254","P553L"
"1597","0.104","P553L"
"1598","0.0969","P553L"
"1599","0.0792","P553L"
"1600","0.0749","P553L"
"1601","0.0612","P553L"
"1602","0.0561","P553L"
"1603","0.057","P553L"
"1604","0.0552","P553L"
"1605","0.0601","P553L"
"1606","0.1037","P553L"
"1607","0.1277","P553L"
"1608","0.1076","P553L"
"1609","0.0849","P553L"
"1610","0.0676","P553L"
"1611","0.0652","P553L"
"1612","0.0706","P553L"
"1613","0.0742","P553L"
"1614","0.0725","P553L"
"1615","0.0756","P553L"
"1616","0.0821","P553L"
"1617","0.0971","P553L"
"1618","0.1544","P553L"
"1619","0.2233","P553L"
"1620","0.2506","P553L"
"1621","0.2258","P553L"
"1622","0.2353","P553L"
"1623","0.1604","P553L"
"1624","0.0953","P553L"
"1625","0.1028","P553L"
"1626","0.0992","P553L"
"1627","0.0926","P553L"
"1628","0.0884","P553L"
"1629","0.0781","P553L"
"1630","0.0733","P553L"
"1631","0.0909","P553L"
"1632","0.0833","P553L"
"1633","0.0718","P553L"
"1634","0.0589","P553L"
"1635","0.0515","P553L"
"1636","0.0465","P553L"
"1637","0.0502","P553L"
"1638","0.0548","P553L"
"1639","0.0567","P553L"
"1640","0.065","P553L"
"1641","0.0747","P553L"
"1642","0.095","P553L"
"1643","0.1572","P553L"
"1644","0.1249","P553L"
"1645","0.0843","P553L"
"1646","0.0739","P553L"
"1647","0.0671","P553L"
"1648","0.0562","P553L"
"1649","0.0559","P553L"
"1650","0.059","P553L"
"1651","0.0543","P553L"
"1652","0.0613","P553L"
"1653","0.0761","P553L"
"1654","0.1041","P553L"
"1655","0.1083","P553L"
"1656","0.0953","P553L"
"1657","0.0913","P553L"
"1658","0.0658","P553L"
"1659","0.0677","P553L"
"1660","0.078","P553L"
"1661","0.0895","P553L"
"1662","0.0722","P553L"
"1663","0.0669","P553L"
"1664","0.0695","P553L"
"1665","0.0736","P553L"
"1666","0.0846","P553L"
"1667","0.1068","P553L"
"1668","0.1056","P553L"
"1669","0.0978","P553L"
"1670","0.0899","P553L"
"1671","0.0788","P553L"
"1672","0.0716","P553L"
"1673","0.076","P553L"
"1674","0.08","P553L"
"1675","0.1012","P553L"
"1676","0.0921","P553L"
"1677","0.0877","P553L"
"1678","0.0816","P553L"
"1679","0.0967","P553L"
"1680","0.0769","P553L"
"1681","0.0685","P553L"
"1682","0.0612","P553L"
"1683","0.0533","P553L"
"1684","0.0583","P553L"
"1685","0.0608","P553L"
"1686","0.066","P553L"
"1687","0.0745","P553L"
"1688","0.0653","P553L"
"1689","0.0768","P553L"
"1690","0.0927","P553L"
"1691","0.121","P553L"
"1692","0.1129","P553L"
"1693","0.0934","P553L"
"1694","0.0762","P553L"
"1695","0.0682","P553L"
"1696","0.059","P553L"
"1697","0.0604","P553L"
"1698","0.0845","P553L"
"1699","0.0618","P553L"
"1700","0.0614","P553L"
"1701","0.0798","P553L"
"1702","0.1098","P553L"
"1703","0.1203","P553L"
"1704","0.0888","P553L"
"1705","0.0691","P553L"
"1706","0.0773","P553L"
"1707","0.0711","P553L"
"1708","0.0719","P553L"
"1709","0.0666","P553L"
"1710","0.0743","P553L"
"1711","0.0769","P553L"
"1712","0.0851","P553L"
"1713","0.1092","P553L"
"1714","0.1342","P553L"
"1715","0.1591","P553L"
"1716","0.1437","P553L"
"1717","0.1278","P553L"
"1718","0.1171","P553L"
"1719","0.0978","P553L"
"1720","0.1124","P553L"
"1721","0.1177","P553L"
"1722","0.0891","P553L"
"1723","0.0884","P553L"
"1724","0.081","P553L"
"1725","0.0783","P553L"
"1726","0.0985","P553L"
"1727","0.0961","P553L"
"1728","0.1017","P553L"
"1729","0.0996","P553L"
"1730","0.0822","P553L"
"1731","0.0743","P553L"
"1732","0.0616","P553L"
"1733","0.0648","P553L"
"1734","0.0646","P553L"
"1735","0.0713","P553L"
"1736","0.0929","P553L"
"1737","0.1717","P553L"
"1738","0.27","P553L"
"1739","0.1741","P553L"
"1740","0.1142","P553L"
"1741","0.08","P553L"
"1742","0.072","P553L"
"1743","0.0617","P553L"
"1744","0.062","P553L"
"1745","0.0672","P553L"
"1746","0.0706","P553L"
"1747","0.0862","P553L"
"1748","0.1065","P553L"
"1749","0.1608","P553L"
"1750","0.118","P553L"
"1751","0.0987","P553L"
"1752","0.0823","P553L"
"1753","0.0857","P553L"
"1754","0.0854","P553L"
"1755","0.0732","P553L"
"1756","0.074","P553L"
"1757","0.0761","P553L"
"1758","0.0871","P553L"
"1759","0.1131","P553L"
"1760","0.1473","P553L"
"1761","0.1716","P553L"
"1762","0.1578","P553L"
"1763","0.1483","P553L"
"1764","0.1237","P553L"
"1765","0.0945","P553L"
"1766","0.099","P553L"
"1767","0.0961","P553L"
"1768","0.095","P553L"
"1769","0.1164","P553L"
"1770","0.1001","P553L"
"1771","0.1027","P553L"
"1772","0.0974","P553L"
"1773","0.1415","P553L"
"1774","0.1523","P553L"
"1775","0.0926","P553L"
"1776","0.0783","P553L"
"1777","0.059","P553L"
"1778","0.0538","P553L"
"1779","0.0494","P553L"
"1780","0.049","P553L"
"1781","0.0597","P553L"
"1782","0.0698","P553L"
"1783","0.0879","P553L"
"1784","0.1076","P553L"
"1785","0.1523","P553L"
"1786","0.1504","P553L"
"1787","0.1059","P553L"
"1788","0.0852","P553L"
"1789","0.0725","P553L"
"1790","0.0607","P553L"
"1791","0.054","P553L"
"1792","0.0582","P553L"
"1793","0.0555","P553L"
"1794","0.0652","P553L"
"1795","0.0869","P553L"
"1796","0.1161","P553L"
"1797","0.1299","P553L"
"1798","0.105","P553L"
"1799","0.0982","P553L"
"1800","0.0795","P553L"
"1801","0.075","P553L"
"1802","0.0773","P553L"
"1803","0.0863","P553L"
"1804","0.0804","P553L"
"1805","0.0808","P553L"
"1806","0.0819","P553L"
"1807","0.085","P553L"
"1808","0.1218","P553L"
"1809","0.1461","P553L"
"1810","0.1808","P553L"
"1811","0.1797","P553L"
"1812","0.1453","P553L"
"1813","0.1195","P553L"
"1814","0.1006","P553L"
"1815","0.1121","P553L"
"1816","0.0984","P553L"
"1817","0.0993","P553L"
"1818","0.094","P553L"
"1819","0.0874","P553L"
"1820","0.0767","P553L"
"1821","0.0843","P553L"
"1822","0.0828","P553L"
"1823","0.0794","P553L"
"1824","0.064","P553L"
"1825","0.056","P553L"
"1826","0.0505","P553L"
"1827","0.0502","P553L"
"1828","0.0523","P553L"
"1829","0.0561","P553L"
"1830","0.067","P553L"
"1831","0.0846","P553L"
"1832","0.1052","P553L"
"1833","0.1444","P553L"
"1834","0.1427","P553L"
"1835","0.1032","P553L"
"1836","0.0748","P553L"
"1837","0.0659","P553L"
"1838","0.0576","P553L"
"1839","0.0588","P553L"
"1840","0.0577","P553L"
"1841","0.0548","P553L"
"1842","0.0675","P553L"
"1843","0.0818","P553L"
"1844","0.1221","P553L"
"1845","0.1343","P553L"
"1846","0.0915","P553L"
"1847","0.0766","P553L"
"1848","0.0807","P553L"
"1849","0.0727","P553L"
"1850","0.0696","P553L"
"1851","0.0706","P553L"
"1852","0.0776","P553L"
"1853","0.081","P553L"
"1854","0.0988","P553L"
"1855","0.1189","P553L"
"1856","0.1447","P553L"
"1857","0.134","P553L"
"1858","0.1148","P553L"
"1859","0.1052","P553L"
"1860","0.0885","P553L"
"1861","0.0937","P553L"
"1862","0.0908","P553L"
"1863","0.0875","P553L"
"1864","0.0912","P553L"
"1865","0.0899","P553L"
"1866","0.0806","P553L"
"1867","0.111","P553L"
"1868","0.1064","P553L"
"1869","0.0894","P553L"
"1870","0.0789","P553L"
"1871","0.0537","P553L"
"1872","0.0477","P553L"
"1873","0.047","P553L"
"1874","0.0492","P553L"
"1875","0.0571","P553L"
"1876","0.0738","P553L"
"1877","0.0794","P553L"
"1878","0.1162","P553L"
"1879","0.1138","P553L"
"1880","0.137","P553L"
"1881","0.2391","P574L"
"1882","0.2009","P574L"
"1883","0.1859","P574L"
"1884","0.1469","P574L"
"1885","0.1424","P574L"
"1886","0.1173","P574L"
"1887","0.142","P574L"
"1888","0.164","P574L"
"1889","0.148","P574L"
"1890","0.1513","P574L"
"1891","0.1444","P574L"
"1892","0.1759","P574L"
"1893","0.1794","P574L"
"1894","0.2137","P574L"
"1895","0.2321","P574L"
"1896","0.2686","P574L"
"1897","0.2578","P574L"
"1898","0.2093","P574L"
"1899","0.2428","P574L"
"1900","0.2299","P574L"
"1901","0.1854","P574L"
"1902","0.2703","P574L"
"1903","0.2114","P574L"
"1904","0.1555","P574L"
"1905","0.1533","P574L"
"1906","0.1262","P574L"
"1907","0.1561","P574L"
"1908","0.2017","P574L"
"1909","0.2012","P574L"
"1910","0.2209","P574L"
"1911","0.2921","P574L"
"1912","0.311","P574L"
"1913","0.2849","P574L"
"1914","0.2463","P574L"
"1915","0.2469","P574L"
"1916","0.221","P574L"
"1917","0.2184","P574L"
"1918","0.2204","P574L"
"1919","0.2389","P574L"
"1920","0.308","P574L"
"1921","0.3068","P574L"
"1922","0.2856","P574L"
"1923","0.2227","P574L"
"1924","0.1764","P574L"
"1925","0.1582","P574L"
"1926","0.1411","P574L"
"1927","0.1542","P574L"
"1928","0.1251","P574L"
"1929","0.115","P574L"
"1930","0.1064","P574L"
"1931","0.1167","P574L"
"1932","0.1004","P574L"
"1933","0.0864","P574L"
"1934","0.1093","P574L"
"1935","0.1094","P574L"
"1936","0.0931","P574L"
"1937","0.1092","P574L"
"1938","0.1286","P574L"
"1939","0.1182","P574L"
"1940","0.1331","P574L"
"1941","0.138","P574L"
"1942","0.1731","P574L"
"1943","0.1878","P574L"
"1944","0.2664","P574L"
"1945","0.2285","P574L"
"1946","0.1634","P574L"
"1947","0.1473","P574L"
"1948","0.1236","P574L"
"1949","0.1175","P574L"
"1950","0.1449","P574L"
"1951","0.1347","P574L"
"1952","0.1284","P574L"
"1953","0.1425","P574L"
"1954","0.1179","P574L"
"1955","0.1025","P574L"
"1956","0.1197","P574L"
"1957","0.1196","P574L"
"1958","0.1004","P574L"
"1959","0.1179","P574L"
"1960","0.1305","P574L"
"1961","0.1058","P574L"
"1962","0.1107","P574L"
"1963","0.1444","P574L"
"1964","0.1367","P574L"
"1965","0.1131","P574L"
"1966","0.1434","P574L"
"1967","0.125","P574L"
"1968","0.1203","P574L"
"1969","0.1144","P574L"
"1970","0.1369","P574L"
"1971","0.1769","P574L"
"1972","0.1379","P574L"
"1973","0.1162","P574L"
"1974","0.1032","P574L"
"1975","0.0815","P574L"
"1976","0.0747","P574L"
"1977","0.0631","P574L"
"1978","0.0586","P574L"
"1979","0.056","P574L"
"1980","0.0576","P574L"
"1981","0.0597","P574L"
"1982","0.0863","P574L"
"1983","0.1081","P574L"
"1984","0.107","P574L"
"1985","0.0907","P574L"
"1986","0.0687","P574L"
"1987","0.0671","P574L"
"1988","0.0705","P574L"
"1989","0.0817","P574L"
"1990","0.0861","P574L"
"1991","0.0998","P574L"
"1992","0.1007","P574L"
"1993","0.0975","P574L"
"1994","0.1416","P574L"
"1995","0.2306","P574L"
"1996","0.2471","P574L"
"1997","0.1957","P574L"
"1998","0.175","P574L"
"1999","0.1363","P574L"
"2000","0.1131","P574L"
"2001","0.1264","P574L"
"2002","0.1232","P574L"
"2003","0.115","P574L"
"2004","0.1025","P574L"
"2005","0.0866","P574L"
"2006","0.0784","P574L"
"2007","0.0883","P574L"
"2008","0.0759","P574L"
"2009","0.0643","P574L"
"2010","0.0548","P574L"
"2011","0.0525","P574L"
"2012","0.0482","P574L"
"2013","0.0488","P574L"
"2014","0.0516","P574L"
"2015","0.0544","P574L"
"2016","0.0646","P574L"
"2017","0.0793","P574L"
"2018","0.1113","P574L"
"2019","0.1803","P574L"
"2020","0.1229","P574L"
"2021","0.0854","P574L"
"2022","0.0744","P574L"
"2023","0.0679","P574L"
"2024","0.0537","P574L"
"2025","0.051","P574L"
"2026","0.0533","P574L"
"2027","0.0543","P574L"
"2028","0.0663","P574L"
"2029","0.0791","P574L"
"2030","0.1059","P574L"
"2031","0.1078","P574L"
"2032","0.0918","P574L"
"2033","0.089","P574L"
"2034","0.066","P574L"
"2035","0.0599","P574L"
"2036","0.0658","P574L"
"2037","0.0718","P574L"
"2038","0.0654","P574L"
"2039","0.0699","P574L"
"2040","0.0753","P574L"
"2041","0.0793","P574L"
"2042","0.0921","P574L"
"2043","0.0935","P574L"
"2044","0.1065","P574L"
"2045","0.1119","P574L"
"2046","0.1011","P574L"
"2047","0.0915","P574L"
"2048","0.0865","P574L"
"2049","0.0945","P574L"
"2050","0.0927","P574L"
"2051","0.1098","P574L"
"2052","0.0935","P574L"
"2053","0.0752","P574L"
"2054","0.0667","P574L"
"2055","0.0791","P574L"
"2056","0.0814","P574L"
"2057","0.0733","P574L"
"2058","0.062","P574L"
"2059","0.054","P574L"
"2060","0.0539","P574L"
"2061","0.0543","P574L"
"2062","0.0633","P574L"
"2063","0.0806","P574L"
"2064","0.0737","P574L"
"2065","0.1039","P574L"
"2066","0.117","P574L"
"2067","0.1652","P574L"
"2068","0.1577","P574L"
"2069","0.1038","P574L"
"2070","0.0814","P574L"
"2071","0.0702","P574L"
"2072","0.0585","P574L"
"2073","0.0592","P574L"
"2074","0.0644","P574L"
"2075","0.0582","P574L"
"2076","0.0648","P574L"
"2077","0.077","P574L"
"2078","0.0949","P574L"
"2079","0.1051","P574L"
"2080","0.0892","P574L"
"2081","0.0745","P574L"
"2082","0.0798","P574L"
"2083","0.0749","P574L"
"2084","0.0735","P574L"
"2085","0.0656","P574L"
"2086","0.0718","P574L"
"2087","0.0787","P574L"
"2088","0.0855","P574L"
"2089","0.1283","P574L"
"2090","0.1607","P574L"
"2091","0.1984","P574L"
"2092","0.1706","P574L"
"2093","0.1501","P574L"
"2094","0.1281","P574L"
"2095","0.1004","P574L"
"2096","0.1148","P574L"
"2097","0.1149","P574L"
"2098","0.0873","P574L"
"2099","0.0874","P574L"
"2100","0.0791","P574L"
"2101","0.0765","P574L"
"2102","0.0925","P574L"
"2103","0.0925","P574L"
"2104","0.0826","P574L"
"2105","0.0647","P574L"
"2106","0.059","P574L"
"2107","0.0566","P574L"
"2108","0.0561","P574L"
"2109","0.061","P574L"
"2110","0.0613","P574L"
"2111","0.0706","P574L"
"2112","0.0925","P574L"
"2113","0.1668","P574L"
"2114","0.2158","P574L"
"2115","0.1538","P574L"
"2116","0.1087","P574L"
"2117","0.0824","P574L"
"2118","0.0733","P574L"
"2119","0.0623","P574L"
"2120","0.0606","P574L"
"2121","0.0671","P574L"
"2122","0.0631","P574L"
"2123","0.0703","P574L"
"2124","0.0925","P574L"
"2125","0.1123","P574L"
"2126","0.0975","P574L"
"2127","0.0783","P574L"
"2128","0.0778","P574L"
"2129","0.0785","P574L"
"2130","0.0813","P574L"
"2131","0.0754","P574L"
"2132","0.0824","P574L"
"2133","0.086","P574L"
"2134","0.0942","P574L"
"2135","0.1176","P574L"
"2136","0.1449","P574L"
"2137","0.1727","P574L"
"2138","0.1628","P574L"
"2139","0.1571","P574L"
"2140","0.1288","P574L"
"2141","0.0981","P574L"
"2142","0.1083","P574L"
"2143","0.1013","P574L"
"2144","0.0979","P574L"
"2145","0.1161","P574L"
"2146","0.1033","P574L"
"2147","0.1163","P574L"
"2148","0.1199","P574L"
"2149","0.1362","P574L"
"2150","0.1268","P574L"
"2151","0.0822","P574L"
"2152","0.0713","P574L"
"2153","0.0596","P574L"
"2154","0.0518","P574L"
"2155","0.0527","P574L"
"2156","0.051","P574L"
"2157","0.0613","P574L"
"2158","0.0721","P574L"
"2159","0.089","P574L"
"2160","0.1078","P574L"
"2161","0.135","P574L"
"2162","0.1359","P574L"
"2163","0.1094","P574L"
"2164","0.0885","P574L"
"2165","0.0784","P574L"
"2166","0.0657","P574L"
"2167","0.0569","P574L"
"2168","0.0626","P574L"
"2169","0.0571","P574L"
"2170","0.0653","P574L"
"2171","0.0821","P574L"
"2172","0.0932","P574L"
"2173","0.1109","P574L"
"2174","0.0984","P574L"
"2175","0.094","P574L"
"2176","0.0786","P574L"
"2177","0.0752","P574L"
"2178","0.0855","P574L"
"2179","0.0908","P574L"
"2180","0.0757","P574L"
"2181","0.0895","P574L"
"2182","0.0926","P574L"
"2183","0.1002","P574L"
"2184","0.1487","P574L"
"2185","0.1628","P574L"
"2186","0.195","P574L"
"2187","0.186","P574L"
"2188","0.1502","P574L"
"2189","0.1303","P574L"
"2190","0.1094","P574L"
"2191","0.1186","P574L"
"2192","0.1204","P574L"
"2193","0.1373","P574L"
"2194","0.1619","P574L"
"2195","0.1142","P574L"
"2196","0.1382","P574L"
"2197","0.1761","P574L"
"2198","0.0854","P574L"
"2199","0.0815","P574L"
"2200","0.0642","P574L"
"2201","0.0567","P574L"
"2202","0.0483","P574L"
"2203","0.0487","P574L"
"2204","0.0499","P574L"
"2205","0.0538","P574L"
"2206","0.0661","P574L"
"2207","0.0841","P574L"
"2208","0.1047","P574L"
"2209","0.1354","P574L"
"2210","0.1392","P574L"
"2211","0.0994","P574L"
"2212","0.0743","P574L"
"2213","0.0644","P574L"
"2214","0.0541","P574L"
"2215","0.0499","P574L"
"2216","0.0535","P574L"
"2217","0.052","P574L"
"2218","0.0628","P574L"
"2219","0.0815","P574L"
"2220","0.1141","P574L"
"2221","0.0988","P574L"
"2222","0.0756","P574L"
"2223","0.0719","P574L"
"2224","0.08","P574L"
"2225","0.0695","P574L"
"2226","0.064","P574L"
"2227","0.0685","P574L"
"2228","0.0766","P574L"
"2229","0.0806","P574L"
"2230","0.1006","P574L"
"2231","0.1224","P574L"
"2232","0.1493","P574L"
"2233","0.1441","P574L"
"2234","0.1217","P574L"
"2235","0.1185","P574L"
"2236","0.0945","P574L"
"2237","0.0999","P574L"
"2238","0.0899","P574L"
"2239","0.0848","P574L"
"2240","0.0982","P574L"
"2241","0.0915","P574L"
"2242","0.0769","P574L"
"2243","0.1036","P574L"
"2244","0.0967","P574L"
"2245","0.0762","P574L"
"2246","0.0609","P574L"
"2247","0.048","P574L"
"2248","0.0475","P574L"
"2249","0.0458","P574L"
"2250","0.0466","P574L"
"2251","0.0525","P574L"
"2252","0.0713","P574L"
"2253","0.0999","P574L"
"2254","0.1339","P574L"
"2255","0.1202","P574L"
"2256","0.117","P574L"
"2257","0.2098","R561H"
"2258","0.1874","R561H"
"2259","0.1667","R561H"
"2260","0.1386","R561H"
"2261","0.134","R561H"
"2262","0.1229","R561H"
"2263","0.1559","R561H"
"2264","0.1684","R561H"
"2265","0.1451","R561H"
"2266","0.1402","R561H"
"2267","0.1311","R561H"
"2268","0.155","R561H"
"2269","0.144","R561H"
"2270","0.159","R561H"
"2271","0.1548","R561H"
"2272","0.1523","R561H"
"2273","0.1273","R561H"
"2274","0.1121","R561H"
"2275","0.1281","R561H"
"2276","0.126","R561H"
"2277","0.128","R561H"
"2278","0.1657","R561H"
"2279","0.1556","R561H"
"2280","0.1237","R561H"
"2281","0.13","R561H"
"2282","0.1183","R561H"
"2283","0.1392","R561H"
"2284","0.1672","R561H"
"2285","0.169","R561H"
"2286","0.1854","R561H"
"2287","0.2314","R561H"
"2288","0.2777","R561H"
"2289","0.2562","R561H"
"2290","0.2188","R561H"
"2291","0.2175","R561H"
"2292","0.1966","R561H"
"2293","0.1929","R561H"
"2294","0.1916","R561H"
"2295","0.2033","R561H"
"2296","0.2669","R561H"
"2297","0.2563","R561H"
"2298","0.2364","R561H"
"2299","0.1887","R561H"
"2300","0.1614","R561H"
"2301","0.1466","R561H"
"2302","0.1382","R561H"
"2303","0.1517","R561H"
"2304","0.1242","R561H"
"2305","0.1145","R561H"
"2306","0.1054","R561H"
"2307","0.1073","R561H"
"2308","0.0906","R561H"
"2309","0.0817","R561H"
"2310","0.0953","R561H"
"2311","0.0949","R561H"
"2312","0.0749","R561H"
"2313","0.0832","R561H"
"2314","0.1065","R561H"
"2315","0.0951","R561H"
"2316","0.0957","R561H"
"2317","0.1208","R561H"
"2318","0.1329","R561H"
"2319","0.1206","R561H"
"2320","0.1485","R561H"
"2321","0.1546","R561H"
"2322","0.1132","R561H"
"2323","0.1193","R561H"
"2324","0.1039","R561H"
"2325","0.0984","R561H"
"2326","0.124","R561H"
"2327","0.1212","R561H"
"2328","0.1144","R561H"
"2329","0.1285","R561H"
"2330","0.1068","R561H"
"2331","0.0902","R561H"
"2332","0.1055","R561H"
"2333","0.0998","R561H"
"2334","0.0812","R561H"
"2335","0.0908","R561H"
"2336","0.1057","R561H"
"2337","0.0916","R561H"
"2338","0.0863","R561H"
"2339","0.1124","R561H"
"2340","0.1132","R561H"
"2341","0.0928","R561H"
"2342","0.1096","R561H"
"2343","0.0905","R561H"
"2344","0.0943","R561H"
"2345","0.0942","R561H"
"2346","0.1093","R561H"
"2347","0.1332","R561H"
"2348","0.1171","R561H"
"2349","0.1007","R561H"
"2350","0.087","R561H"
"2351","0.0707","R561H"
"2352","0.066","R561H"
"2353","0.0582","R561H"
"2354","0.057","R561H"
"2355","0.0532","R561H"
"2356","0.0501","R561H"
"2357","0.0583","R561H"
"2358","0.077","R561H"
"2359","0.1002","R561H"
"2360","0.1053","R561H"
"2361","0.083","R561H"
"2362","0.0626","R561H"
"2363","0.0594","R561H"
"2364","0.0719","R561H"
"2365","0.0698","R561H"
"2366","0.0675","R561H"
"2367","0.0728","R561H"
"2368","0.0863","R561H"
"2369","0.0961","R561H"
"2370","0.1782","R561H"
"2371","0.2907","R561H"
"2372","0.3272","R561H"
"2373","0.2893","R561H"
"2374","0.3303","R561H"
"2375","0.2193","R561H"
"2376","0.1045","R561H"
"2377","0.1002","R561H"
"2378","0.0976","R561H"
"2379","0.0977","R561H"
"2380","0.0927","R561H"
"2381","0.08","R561H"
"2382","0.0845","R561H"
"2383","0.0998","R561H"
"2384","0.0934","R561H"
"2385","0.0723","R561H"
"2386","0.0648","R561H"
"2387","0.0567","R561H"
"2388","0.0522","R561H"
"2389","0.051","R561H"
"2390","0.0511","R561H"
"2391","0.0543","R561H"
"2392","0.0653","R561H"
"2393","0.0822","R561H"
"2394","0.1402","R561H"
"2395","0.1858","R561H"
"2396","0.1287","R561H"
"2397","0.0795","R561H"
"2398","0.0708","R561H"
"2399","0.0647","R561H"
"2400","0.0571","R561H"
"2401","0.0538","R561H"
"2402","0.0564","R561H"
"2403","0.0547","R561H"
"2404","0.0752","R561H"
"2405","0.0851","R561H"
"2406","0.1066","R561H"
"2407","0.13","R561H"
"2408","0.1025","R561H"
"2409","0.1","R561H"
"2410","0.0681","R561H"
"2411","0.0662","R561H"
"2412","0.0719","R561H"
"2413","0.0809","R561H"
"2414","0.0743","R561H"
"2415","0.0772","R561H"
"2416","0.0787","R561H"
"2417","0.077","R561H"
"2418","0.0815","R561H"
"2419","0.0793","R561H"
"2420","0.0857","R561H"
"2421","0.1066","R561H"
"2422","0.0939","R561H"
"2423","0.0929","R561H"
"2424","0.0827","R561H"
"2425","0.0902","R561H"
"2426","0.0954","R561H"
"2427","0.1106","R561H"
"2428","0.096","R561H"
"2429","0.0891","R561H"
"2430","0.0824","R561H"
"2431","0.092","R561H"
"2432","0.0881","R561H"
"2433","0.0707","R561H"
"2434","0.0596","R561H"
"2435","0.0548","R561H"
"2436","0.0561","R561H"
"2437","0.0574","R561H"
"2438","0.0625","R561H"
"2439","0.0654","R561H"
"2440","0.0693","R561H"
"2441","0.087","R561H"
"2442","0.1127","R561H"
"2443","0.1985","R561H"
"2444","0.1576","R561H"
"2445","0.1093","R561H"
"2446","0.0821","R561H"
"2447","0.0679","R561H"
"2448","0.0587","R561H"
"2449","0.0576","R561H"
"2450","0.0592","R561H"
"2451","0.054","R561H"
"2452","0.0608","R561H"
"2453","0.0732","R561H"
"2454","0.0953","R561H"
"2455","0.1075","R561H"
"2456","0.0876","R561H"
"2457","0.0672","R561H"
"2458","0.0669","R561H"
"2459","0.0675","R561H"
"2460","0.0732","R561H"
"2461","0.066","R561H"
"2462","0.079","R561H"
"2463","0.0864","R561H"
"2464","0.0888","R561H"
"2465","0.1337","R561H"
"2466","0.178","R561H"
"2467","0.2289","R561H"
"2468","0.1998","R561H"
"2469","0.1761","R561H"
"2470","0.1466","R561H"
"2471","0.1085","R561H"
"2472","0.1113","R561H"
"2473","0.1138","R561H"
"2474","0.0885","R561H"
"2475","0.0882","R561H"
"2476","0.0803","R561H"
"2477","0.0746","R561H"
"2478","0.0858","R561H"
"2479","0.0794","R561H"
"2480","0.0691","R561H"
"2481","0.069","R561H"
"2482","0.0578","R561H"
"2483","0.0674","R561H"
"2484","0.0557","R561H"
"2485","0.0514","R561H"
"2486","0.057","R561H"
"2487","0.0662","R561H"
"2488","0.0869","R561H"
"2489","0.1606","R561H"
"2490","0.2481","R561H"
"2491","0.1738","R561H"
"2492","0.1142","R561H"
"2493","0.0784","R561H"
"2494","0.0714","R561H"
"2495","0.0587","R561H"
"2496","0.057","R561H"
"2497","0.0599","R561H"
"2498","0.0581","R561H"
"2499","0.0799","R561H"
"2500","0.096","R561H"
"2501","0.1216","R561H"
"2502","0.1035","R561H"
"2503","0.0827","R561H"
"2504","0.0777","R561H"
"2505","0.0787","R561H"
"2506","0.0838","R561H"
"2507","0.0771","R561H"
"2508","0.0774","R561H"
"2509","0.0806","R561H"
"2510","0.0888","R561H"
"2511","0.1412","R561H"
"2512","0.1613","R561H"
"2513","0.1754","R561H"
"2514","0.1666","R561H"
"2515","0.1406","R561H"
"2516","0.1193","R561H"
"2517","0.0938","R561H"
"2518","0.1058","R561H"
"2519","0.102","R561H"
"2520","0.0971","R561H"
"2521","0.1152","R561H"
"2522","0.0981","R561H"
"2523","0.1011","R561H"
"2524","0.0907","R561H"
"2525","0.1124","R561H"
"2526","0.0961","R561H"
"2527","0.0758","R561H"
"2528","0.0649","R561H"
"2529","0.0538","R561H"
"2530","0.0493","R561H"
"2531","0.0472","R561H"
"2532","0.0457","R561H"
"2533","0.0555","R561H"
"2534","0.0664","R561H"
"2535","0.0821","R561H"
"2536","0.0996","R561H"
"2537","0.1334","R561H"
"2538","0.129","R561H"
"2539","0.1007","R561H"
"2540","0.0807","R561H"
"2541","0.0672","R561H"
"2542","0.057","R561H"
"2543","0.0514","R561H"
"2544","0.052","R561H"
"2545","0.0497","R561H"
"2546","0.059","R561H"
"2547","0.0762","R561H"
"2548","0.1038","R561H"
"2549","0.1267","R561H"
"2550","0.1013","R561H"
"2551","0.0836","R561H"
"2552","0.067","R561H"
"2553","0.0632","R561H"
"2554","0.0684","R561H"
"2555","0.0738","R561H"
"2556","0.0682","R561H"
"2557","0.0727","R561H"
"2558","0.0785","R561H"
"2559","0.0867","R561H"
"2560","0.1319","R561H"
"2561","0.1733","R561H"
"2562","0.1866","R561H"
"2563","0.1965","R561H"
"2564","0.1598","R561H"
"2565","0.1258","R561H"
"2566","0.1033","R561H"
"2567","0.1121","R561H"
"2568","0.0932","R561H"
"2569","0.0911","R561H"
"2570","0.0903","R561H"
"2571","0.0803","R561H"
"2572","0.0693","R561H"
"2573","0.0771","R561H"
"2574","0.0743","R561H"
"2575","0.0668","R561H"
"2576","0.0557","R561H"
"2577","0.0492","R561H"
"2578","0.0467","R561H"
"2579","0.047","R561H"
"2580","0.0501","R561H"
"2581","0.0542","R561H"
"2582","0.0651","R561H"
"2583","0.0869","R561H"
"2584","0.109","R561H"
"2585","0.1481","R561H"
"2586","0.1569","R561H"
"2587","0.1","R561H"
"2588","0.0716","R561H"
"2589","0.0621","R561H"
"2590","0.0561","R561H"
"2591","0.0561","R561H"
"2592","0.0523","R561H"
"2593","0.0488","R561H"
"2594","0.0603","R561H"
"2595","0.0727","R561H"
"2596","0.1134","R561H"
"2597","0.0977","R561H"
"2598","0.0686","R561H"
"2599","0.0625","R561H"
"2600","0.0709","R561H"
"2601","0.0674","R561H"
"2602","0.0638","R561H"
"2603","0.0666","R561H"
"2604","0.0726","R561H"
"2605","0.076","R561H"
"2606","0.0966","R561H"
"2607","0.1091","R561H"
"2608","0.1269","R561H"
"2609","0.1295","R561H"
"2610","0.1089","R561H"
"2611","0.1039","R561H"
"2612","0.0851","R561H"
"2613","0.0936","R561H"
"2614","0.0889","R561H"
"2615","0.0848","R561H"
"2616","0.0885","R561H"
"2617","0.0844","R561H"
"2618","0.0738","R561H"
"2619","0.0818","R561H"
"2620","0.0729","R561H"
"2621","0.0692","R561H"
"2622","0.0557","R561H"
"2623","0.0478","R561H"
"2624","0.047","R561H"
"2625","0.0445","R561H"
"2626","0.0489","R561H"
"2627","0.0516","R561H"
"2628","0.063","R561H"
"2629","0.0746","R561H"
"2630","0.0939","R561H"
"2631","0.1016","R561H"
"2632","0.1049","R561H"
"2633","0.2868","A557S"
"2634","0.2261","A557S"
"2635","0.1905","A557S"
"2636","0.1584","A557S"
"2637","0.1383","A557S"
"2638","0.1405","A557S"
"2639","0.128","A557S"
"2640","0.1635","A557S"
"2641","0.1842","A557S"
"2642","0.1601","A557S"
"2643","0.1459","A557S"
"2644","0.129","A557S"
"2645","0.1531","A557S"
"2646","0.1684","A557S"
"2647","0.206","A557S"
"2648","0.2099","A557S"
"2649","0.2167","A557S"
"2650","0.1715","A557S"
"2651","0.1421","A557S"
"2652","0.1966","A557S"
"2653","0.2303","A557S"
"2654","0.2434","A557S"
"2655","0.2871","A557S"
"2656","0.268","A557S"
"2657","0.2355","A557S"
"2658","0.2308","A557S"
"2659","0.2019","A557S"
"2660","0.2499","A557S"
"2661","0.2879","A557S"
"2662","0.2553","A557S"
"2663","0.2464","A557S"
"2664","0.3151","A557S"
"2665","0.3351","A557S"
"2666","0.3667","A557S"
"2667","0.3385","A557S"
"2668","0.3406","A557S"
"2669","0.301","A557S"
"2670","0.2718","A557S"
"2671","0.2343","A557S"
"2672","0.2296","A557S"
"2673","0.2848","A557S"
"2674","0.2613","A557S"
"2675","0.2507","A557S"
"2676","0.1883","A557S"
"2677","0.1819","A557S"
"2678","0.1755","A557S"
"2679","0.1615","A557S"
"2680","0.1786","A557S"
"2681","0.1446","A557S"
"2682","0.1305","A557S"
"2683","0.1188","A557S"
"2684","0.1245","A557S"
"2685","0.1032","A557S"
"2686","0.0914","A557S"
"2687","0.1042","A557S"
"2688","0.1006","A557S"
"2689","0.0858","A557S"
"2690","0.0974","A557S"
"2691","0.1169","A557S"
"2692","0.1049","A557S"
"2693","0.1132","A557S"
"2694","0.1399","A557S"
"2695","0.1461","A557S"
"2696","0.1308","A557S"
"2697","0.1692","A557S"
"2698","0.1645","A557S"
"2699","0.1195","A557S"
"2700","0.0957","A557S"
"2701","0.1004","A557S"
"2702","0.1054","A557S"
"2703","0.1275","A557S"
"2704","0.1157","A557S"
"2705","0.107","A557S"
"2706","0.118","A557S"
"2707","0.1068","A557S"
"2708","0.0952","A557S"
"2709","0.1074","A557S"
"2710","0.1093","A557S"
"2711","0.0931","A557S"
"2712","0.1017","A557S"
"2713","0.1213","A557S"
"2714","0.1097","A557S"
"2715","0.0991","A557S"
"2716","0.1268","A557S"
"2717","0.1352","A557S"
"2718","0.1208","A557S"
"2719","0.1305","A557S"
"2720","0.1088","A557S"
"2721","0.1065","A557S"
"2722","0.1","A557S"
"2723","0.1202","A557S"
"2724","0.1491","A557S"
"2725","0.1129","A557S"
"2726","0.0985","A557S"
"2727","0.0886","A557S"
"2728","0.0704","A557S"
"2729","0.0634","A557S"
"2730","0.054","A557S"
"2731","0.054","A557S"
"2732","0.056","A557S"
"2733","0.0521","A557S"
"2734","0.0592","A557S"
"2735","0.0737","A557S"
"2736","0.0922","A557S"
"2737","0.1033","A557S"
"2738","0.0838","A557S"
"2739","0.0633","A557S"
"2740","0.0578","A557S"
"2741","0.0629","A557S"
"2742","0.0722","A557S"
"2743","0.0641","A557S"
"2744","0.065","A557S"
"2745","0.079","A557S"
"2746","0.0912","A557S"
"2747","0.1591","A557S"
"2748","0.2612","A557S"
"2749","0.3001","A557S"
"2750","0.2715","A557S"
"2751","0.3079","A557S"
"2752","0.2082","A557S"
"2753","0.0927","A557S"
"2754","0.0899","A557S"
"2755","0.0834","A557S"
"2756","0.0803","A557S"
"2757","0.08","A557S"
"2758","0.0715","A557S"
"2759","0.0697","A557S"
"2760","0.0914","A557S"
"2761","0.0886","A557S"
"2762","0.0734","A557S"
"2763","0.0656","A557S"
"2764","0.0588","A557S"
"2765","0.0513","A557S"
"2766","0.0521","A557S"
"2767","0.0527","A557S"
"2768","0.0528","A557S"
"2769","0.0623","A557S"
"2770","0.0798","A557S"
"2771","0.118","A557S"
"2772","0.133","A557S"
"2773","0.1103","A557S"
"2774","0.086","A557S"
"2775","0.0741","A557S"
"2776","0.0662","A557S"
"2777","0.0549","A557S"
"2778","0.0583","A557S"
"2779","0.0644","A557S"
"2780","0.0636","A557S"
"2781","0.0812","A557S"
"2782","0.0878","A557S"
"2783","0.1058","A557S"
"2784","0.1293","A557S"
"2785","0.1023","A557S"
"2786","0.0973","A557S"
"2787","0.0693","A557S"
"2788","0.068","A557S"
"2789","0.0795","A557S"
"2790","0.0899","A557S"
"2791","0.0811","A557S"
"2792","0.0668","A557S"
"2793","0.0712","A557S"
"2794","0.0703","A557S"
"2795","0.0776","A557S"
"2796","0.0829","A557S"
"2797","0.0919","A557S"
"2798","0.0913","A557S"
"2799","0.0832","A557S"
"2800","0.0794","A557S"
"2801","0.071","A557S"
"2802","0.0758","A557S"
"2803","0.0797","A557S"
"2804","0.109","A557S"
"2805","0.0989","A557S"
"2806","0.0954","A557S"
"2807","0.0838","A557S"
"2808","0.0957","A557S"
"2809","0.0908","A557S"
"2810","0.0744","A557S"
"2811","0.0584","A557S"
"2812","0.0564","A557S"
"2813","0.0563","A557S"
"2814","0.0571","A557S"
"2815","0.0657","A557S"
"2816","0.0719","A557S"
"2817","0.0705","A557S"
"2818","0.1114","A557S"
"2819","0.1355","A557S"
"2820","0.1955","A557S"
"2821","0.1575","A557S"
"2822","0.1101","A557S"
"2823","0.0837","A557S"
"2824","0.0726","A557S"
"2825","0.0629","A557S"
"2826","0.0611","A557S"
"2827","0.0621","A557S"
"2828","0.0582","A557S"
"2829","0.0621","A557S"
"2830","0.0729","A557S"
"2831","0.0939","A557S"
"2832","0.1035","A557S"
"2833","0.0854","A557S"
"2834","0.0713","A557S"
"2835","0.0713","A557S"
"2836","0.0712","A557S"
"2837","0.0727","A557S"
"2838","0.0697","A557S"
"2839","0.0773","A557S"
"2840","0.0827","A557S"
"2841","0.0944","A557S"
"2842","0.1273","A557S"
"2843","0.1464","A557S"
"2844","0.1804","A557S"
"2845","0.1604","A557S"
"2846","0.1402","A557S"
"2847","0.1222","A557S"
"2848","0.1025","A557S"
"2849","0.1128","A557S"
"2850","0.114","A557S"
"2851","0.0918","A557S"
"2852","0.0943","A557S"
"2853","0.0823","A557S"
"2854","0.0751","A557S"
"2855","0.0972","A557S"
"2856","0.0912","A557S"
"2857","0.0769","A557S"
"2858","0.0627","A557S"
"2859","0.0607","A557S"
"2860","0.0538","A557S"
"2861","0.0523","A557S"
"2862","0.0627","A557S"
"2863","0.0641","A557S"
"2864","0.0729","A557S"
"2865","0.0876","A557S"
"2866","0.1261","A557S"
"2867","0.1557","A557S"
"2868","0.1334","A557S"
"2869","0.1017","A557S"
"2870","0.0801","A557S"
"2871","0.0715","A557S"
"2872","0.0625","A557S"
"2873","0.0614","A557S"
"2874","0.0636","A557S"
"2875","0.0565","A557S"
"2876","0.0641","A557S"
"2877","0.0821","A557S"
"2878","0.1086","A557S"
"2879","0.093","A557S"
"2880","0.0748","A557S"
"2881","0.0711","A557S"
"2882","0.0769","A557S"
"2883","0.077","A557S"
"2884","0.0733","A557S"
"2885","0.0782","A557S"
"2886","0.0814","A557S"
"2887","0.0887","A557S"
"2888","0.1186","A557S"
"2889","0.141","A557S"
"2890","0.1696","A557S"
"2891","0.156","A557S"
"2892","0.1399","A557S"
"2893","0.1198","A557S"
"2894","0.0948","A557S"
"2895","0.1002","A557S"
"2896","0.0947","A557S"
"2897","0.0961","A557S"
"2898","0.114","A557S"
"2899","0.1043","A557S"
"2900","0.0973","A557S"
"2901","0.0904","A557S"
"2902","0.1125","A557S"
"2903","0.0967","A557S"
"2904","0.0805","A557S"
"2905","0.0759","A557S"
"2906","0.0565","A557S"
"2907","0.0472","A557S"
"2908","0.0542","A557S"
"2909","0.0559","A557S"
"2910","0.069","A557S"
"2911","0.0834","A557S"
"2912","0.1022","A557S"
"2913","0.1166","A557S"
"2914","0.1495","A557S"
"2915","0.1521","A557S"
"2916","0.1221","A557S"
"2917","0.1071","A557S"
"2918","0.0851","A557S"
"2919","0.0736","A557S"
"2920","0.0692","A557S"
"2921","0.0635","A557S"
"2922","0.0556","A557S"
"2923","0.0653","A557S"
"2924","0.0816","A557S"
"2925","0.0981","A557S"
"2926","0.1125","A557S"
"2927","0.098","A557S"
"2928","0.0997","A557S"
"2929","0.0755","A557S"
"2930","0.0745","A557S"
"2931","0.0816","A557S"
"2932","0.0881","A557S"
"2933","0.0847","A557S"
"2934","0.0955","A557S"
"2935","0.1004","A557S"
"2936","0.1114","A557S"
"2937","0.1616","A557S"
"2938","0.1661","A557S"
"2939","0.1774","A557S"
"2940","0.1983","A557S"
"2941","0.1608","A557S"
"2942","0.1423","A557S"
"2943","0.127","A557S"
"2944","0.128","A557S"
"2945","0.114","A557S"
"2946","0.1146","A557S"
"2947","0.1103","A557S"
"2948","0.0998","A557S"
"2949","0.0868","A557S"
"2950","0.0976","A557S"
"2951","0.0934","A557S"
"2952","0.0804","A557S"
"2953","0.0609","A557S"
"2954","0.0497","A557S"
"2955","0.0447","A557S"
"2956","0.0456","A557S"
"2957","0.0466","A557S"
"2958","0.0528","A557S"
"2959","0.0676","A557S"
"2960","0.0854","A557S"
"2961","0.1138","A557S"
"2962","0.153","A557S"
"2963","0.1578","A557S"
"2964","0.1101","A557S"
"2965","0.0808","A557S"
"2966","0.0716","A557S"
"2967","0.0567","A557S"
"2968","0.0489","A557S"
"2969","0.0504","A557S"
"2970","0.048","A557S"
"2971","0.0622","A557S"
"2972","0.0787","A557S"
"2973","0.1203","A557S"
"2974","0.13","A557S"
"2975","0.0805","A557S"
"2976","0.0673","A557S"
"2977","0.0685","A557S"
"2978","0.0693","A557S"
"2979","0.0664","A557S"
"2980","0.077","A557S"
"2981","0.0853","A557S"
"2982","0.0917","A557S"
"2983","0.1199","A557S"
"2984","0.1398","A557S"
"2985","0.1887","A557S"
"2986","0.1828","A557S"
"2987","0.1368","A557S"
"2988","0.1422","A557S"
"2989","0.1109","A557S"
"2990","0.1137","A557S"
"2991","0.1017","A557S"
"2992","0.0937","A557S"
"2993","0.0827","A557S"
"2994","0.0749","A557S"
"2995","0.067","A557S"
"2996","0.0727","A557S"
"2997","0.0679","A557S"
"2998","0.0647","A557S"
"2999","0.0526","A557S"
"3000","0.0473","A557S"
"3001","0.0483","A557S"
"3002","0.0438","A557S"
"3003","0.0445","A557S"
"3004","0.0489","A557S"
"3005","0.0629","A557S"
"3006","0.0743","A557S"
"3007","0.0851","A557S"
"3008","0.1034","A557S"
"3009","0.1101","A557S"
"3010","0.2971","A578S"
"3011","0.2397","A578S"
"3012","0.2079","A578S"
"3013","0.1751","A578S"
"3014","0.1454","A578S"
"3015","0.1372","A578S"
"3016","0.125","A578S"
"3017","0.1637","A578S"
"3018","0.176","A578S"
"3019","0.1515","A578S"
"3020","0.1449","A578S"
"3021","0.1359","A578S"
"3022","0.168","A578S"
"3023","0.184","A578S"
"3024","0.2112","A578S"
"3025","0.2164","A578S"
"3026","0.2463","A578S"
"3027","0.2374","A578S"
"3028","0.2154","A578S"
"3029","0.2545","A578S"
"3030","0.2845","A578S"
"3031","0.3113","A578S"
"3032","0.354","A578S"
"3033","0.2988","A578S"
"3034","0.2385","A578S"
"3035","0.1983","A578S"
"3036","0.1635","A578S"
"3037","0.1786","A578S"
"3038","0.2149","A578S"
"3039","0.212","A578S"
"3040","0.2377","A578S"
"3041","0.2814","A578S"
"3042","0.3135","A578S"
"3043","0.3184","A578S"
"3044","0.2721","A578S"
"3045","0.2763","A578S"
"3046","0.2853","A578S"
"3047","0.2547","A578S"
"3048","0.2308","A578S"
"3049","0.2741","A578S"
"3050","0.3802","A578S"
"3051","0.3642","A578S"
"3052","0.3143","A578S"
"3053","0.2273","A578S"
"3054","0.1907","A578S"
"3055","0.1675","A578S"
"3056","0.1524","A578S"
"3057","0.1628","A578S"
"3058","0.1313","A578S"
"3059","0.1207","A578S"
"3060","0.1075","A578S"
"3061","0.1114","A578S"
"3062","0.0888","A578S"
"3063","0.0816","A578S"
"3064","0.0996","A578S"
"3065","0.0967","A578S"
"3066","0.0834","A578S"
"3067","0.1078","A578S"
"3068","0.1243","A578S"
"3069","0.1152","A578S"
"3070","0.1355","A578S"
"3071","0.1621","A578S"
"3072","0.168","A578S"
"3073","0.1514","A578S"
"3074","0.1755","A578S"
"3075","0.1796","A578S"
"3076","0.1373","A578S"
"3077","0.1399","A578S"
"3078","0.1178","A578S"
"3079","0.112","A578S"
"3080","0.1427","A578S"
"3081","0.1235","A578S"
"3082","0.1092","A578S"
"3083","0.1229","A578S"
"3084","0.109","A578S"
"3085","0.0923","A578S"
"3086","0.1073","A578S"
"3087","0.109","A578S"
"3088","0.0883","A578S"
"3089","0.1036","A578S"
"3090","0.1182","A578S"
"3091","0.0965","A578S"
"3092","0.1059","A578S"
"3093","0.134","A578S"
"3094","0.1269","A578S"
"3095","0.1148","A578S"
"3096","0.1372","A578S"
"3097","0.1183","A578S"
"3098","0.1231","A578S"
"3099","0.12","A578S"
"3100","0.1527","A578S"
"3101","0.2198","A578S"
"3102","0.1767","A578S"
"3103","0.1334","A578S"
"3104","0.1126","A578S"
"3105","0.0842","A578S"
"3106","0.0787","A578S"
"3107","0.0656","A578S"
"3108","0.059","A578S"
"3109","0.0545","A578S"
"3110","0.0536","A578S"
"3111","0.0629","A578S"
"3112","0.0907","A578S"
"3113","0.1129","A578S"
"3114","0.1137","A578S"
"3115","0.0866","A578S"
"3116","0.0641","A578S"
"3117","0.0618","A578S"
"3118","0.0663","A578S"
"3119","0.0766","A578S"
"3120","0.0727","A578S"
"3121","0.0823","A578S"
"3122","0.0913","A578S"
"3123","0.0983","A578S"
"3124","0.1579","A578S"
"3125","0.2459","A578S"
"3126","0.257","A578S"
"3127","0.1954","A578S"
"3128","0.1716","A578S"
"3129","0.1228","A578S"
"3130","0.1011","A578S"
"3131","0.1106","A578S"
"3132","0.1042","A578S"
"3133","0.1003","A578S"
"3134","0.0885","A578S"
"3135","0.0782","A578S"
"3136","0.0709","A578S"
"3137","0.0758","A578S"
"3138","0.0788","A578S"
"3139","0.0652","A578S"
"3140","0.0576","A578S"
"3141","0.0537","A578S"
"3142","0.0481","A578S"
"3143","0.0452","A578S"
"3144","0.0474","A578S"
"3145","0.0516","A578S"
"3146","0.0633","A578S"
"3147","0.0816","A578S"
"3148","0.1055","A578S"
"3149","0.1637","A578S"
"3150","0.156","A578S"
"3151","0.0892","A578S"
"3152","0.0777","A578S"
"3153","0.0609","A578S"
"3154","0.0492","A578S"
"3155","0.0463","A578S"
"3156","0.0501","A578S"
"3157","0.051","A578S"
"3158","0.0645","A578S"
"3159","0.0732","A578S"
"3160","0.0967","A578S"
"3161","0.1089","A578S"
"3162","0.0894","A578S"
"3163","0.0834","A578S"
"3164","0.0623","A578S"
"3165","0.0535","A578S"
"3166","0.0592","A578S"
"3167","0.063","A578S"
"3168","0.0569","A578S"
"3169","0.0581","A578S"
"3170","0.0662","A578S"
"3171","0.0722","A578S"
"3172","0.0791","A578S"
"3173","0.0993","A578S"
"3174","0.1082","A578S"
"3175","0.1048","A578S"
"3176","0.0951","A578S"
"3177","0.0853","A578S"
"3178","0.076","A578S"
"3179","0.0808","A578S"
"3180","0.0791","A578S"
"3181","0.0989","A578S"
"3182","0.0839","A578S"
"3183","0.0725","A578S"
"3184","0.0642","A578S"
"3185","0.0792","A578S"
"3186","0.0707","A578S"
"3187","0.0602","A578S"
"3188","0.0681","A578S"
"3189","0.0505","A578S"
"3190","0.0525","A578S"
"3191","0.0544","A578S"
"3192","0.0587","A578S"
"3193","0.0687","A578S"
"3194","0.0735","A578S"
"3195","0.1066","A578S"
"3196","0.1248","A578S"
"3197","0.1978","A578S"
"3198","0.1511","A578S"
"3199","0.1108","A578S"
"3200","0.0851","A578S"
"3201","0.0754","A578S"
"3202","0.0614","A578S"
"3203","0.0609","A578S"
"3204","0.0628","A578S"
"3205","0.0576","A578S"
"3206","0.0658","A578S"
"3207","0.0781","A578S"
"3208","0.1044","A578S"
"3209","0.1153","A578S"
"3210","0.0961","A578S"
"3211","0.0778","A578S"
"3212","0.0796","A578S"
"3213","0.08","A578S"
"3214","0.0797","A578S"
"3215","0.0746","A578S"
"3216","0.0804","A578S"
"3217","0.0892","A578S"
"3218","0.0935","A578S"
"3219","0.1256","A578S"
"3220","0.1484","A578S"
"3221","0.1858","A578S"
"3222","0.1726","A578S"
"3223","0.1523","A578S"
"3224","0.1369","A578S"
"3225","0.1122","A578S"
"3226","0.1316","A578S"
"3227","0.134","A578S"
"3228","0.1044","A578S"
"3229","0.102","A578S"
"3230","0.0925","A578S"
"3231","0.0859","A578S"
"3232","0.101","A578S"
"3233","0.0949","A578S"
"3234","0.0829","A578S"
"3235","0.0716","A578S"
"3236","0.0607","A578S"
"3237","0.0632","A578S"
"3238","0.0581","A578S"
"3239","0.0584","A578S"
"3240","0.0665","A578S"
"3241","0.0749","A578S"
"3242","0.0923","A578S"
"3243","0.1745","A578S"
"3244","0.2682","A578S"
"3245","0.3029","A578S"
"3246","0.1356","A578S"
"3247","0.0872","A578S"
"3248","0.0802","A578S"
"3249","0.0662","A578S"
"3250","0.0654","A578S"
"3251","0.0654","A578S"
"3252","0.0625","A578S"
"3253","0.0837","A578S"
"3254","0.1048","A578S"
"3255","0.128","A578S"
"3256","0.1104","A578S"
"3257","0.0868","A578S"
"3258","0.082","A578S"
"3259","0.0815","A578S"
"3260","0.0874","A578S"
"3261","0.0822","A578S"
"3262","0.0811","A578S"
"3263","0.0902","A578S"
"3264","0.1088","A578S"
"3265","0.2027","A578S"
"3266","0.1647","A578S"
"3267","0.1965","A578S"
"3268","0.2312","A578S"
"3269","0.1655","A578S"
"3270","0.1211","A578S"
"3271","0.1011","A578S"
"3272","0.1066","A578S"
"3273","0.1042","A578S"
"3274","0.1013","A578S"
"3275","0.1213","A578S"
"3276","0.1039","A578S"
"3277","0.0984","A578S"
"3278","0.0886","A578S"
"3279","0.1057","A578S"
"3280","0.0955","A578S"
"3281","0.0802","A578S"
"3282","0.0654","A578S"
"3283","0.0578","A578S"
"3284","0.0522","A578S"
"3285","0.0512","A578S"
"3286","0.0508","A578S"
"3287","0.0613","A578S"
"3288","0.0752","A578S"
"3289","0.1012","A578S"
"3290","0.1442","A578S"
"3291","0.1583","A578S"
"3292","0.1622","A578S"
"3293","0.1214","A578S"
"3294","0.0905","A578S"
"3295","0.0773","A578S"
"3296","0.0647","A578S"
"3297","0.053","A578S"
"3298","0.0564","A578S"
"3299","0.0527","A578S"
"3300","0.0621","A578S"
"3301","0.0779","A578S"
"3302","0.1033","A578S"
"3303","0.1392","A578S"
"3304","0.1812","A578S"
"3305","0.0938","A578S"
"3306","0.0702","A578S"
"3307","0.0651","A578S"
"3308","0.0697","A578S"
"3309","0.0737","A578S"
"3310","0.0681","A578S"
"3311","0.0745","A578S"
"3312","0.0857","A578S"
"3313","0.0998","A578S"
"3314","0.1538","A578S"
"3315","0.186","A578S"
"3316","0.2394","A578S"
"3317","0.224","A578S"
"3318","0.1716","A578S"
"3319","0.1438","A578S"
"3320","0.1126","A578S"
"3321","0.1177","A578S"
"3322","0.0907","A578S"
"3323","0.0866","A578S"
"3324","0.0816","A578S"
"3325","0.0755","A578S"
"3326","0.0704","A578S"
"3327","0.0826","A578S"
"3328","0.0795","A578S"
"3329","0.0702","A578S"
"3330","0.0592","A578S"
"3331","0.0536","A578S"
"3332","0.0501","A578S"
"3333","0.0526","A578S"
"3334","0.0531","A578S"
"3335","0.0571","A578S"
"3336","0.0708","A578S"
"3337","0.0881","A578S"
"3338","0.1209","A578S"
"3339","0.1613","A578S"
"3340","0.1903","A578S"
"3341","0.1141","A578S"
"3342","0.0825","A578S"
"3343","0.0722","A578S"
"3344","0.0606","A578S"
"3345","0.0614","A578S"
"3346","0.064","A578S"
"3347","0.0596","A578S"
"3348","0.0701","A578S"
"3349","0.0752","A578S"
"3350","0.1085","A578S"
"3351","0.1087","A578S"
"3352","0.0851","A578S"
"3353","0.0788","A578S"
"3354","0.0893","A578S"
"3355","0.0829","A578S"
"3356","0.0783","A578S"
"3357","0.0776","A578S"
"3358","0.086","A578S"
"3359","0.0869","A578S"
"3360","0.1062","A578S"
"3361","0.1174","A578S"
"3362","0.1375","A578S"
"3363","0.1299","A578S"
"3364","0.1131","A578S"
"3365","0.1112","A578S"
"3366","0.0906","A578S"
"3367","0.1051","A578S"
"3368","0.1043","A578S"
"3369","0.1002","A578S"
"3370","0.1024","A578S"
"3371","0.0962","A578S"
"3372","0.0846","A578S"
"3373","0.1006","A578S"
"3374","0.0876","A578S"
"3375","0.0849","A578S"
"3376","0.0668","A578S"
"3377","0.0561","A578S"
"3378","0.0507","A578S"
"3379","0.0477","A578S"
"3380","0.0482","A578S"
"3381","0.0593","A578S"
"3382","0.0727","A578S"
"3383","0.0911","A578S"
"3384","0.1256","A578S"
"3385","0.1771","A578S"
"3386","0.2878","A578S"
"3387","0.2403","Y493H_C580Y"
"3388","0.2033","Y493H_C580Y"
"3389","0.1687","Y493H_C580Y"
"3390","0.1603","Y493H_C580Y"
"3391","0.1315","Y493H_C580Y"
"3392","0.1216","Y493H_C580Y"
"3393","0.1037","Y493H_C580Y"
"3394","0.1315","Y493H_C580Y"
"3395","0.1484","Y493H_C580Y"
"3396","0.1372","Y493H_C580Y"
"3397","0.1367","Y493H_C580Y"
"3398","0.1293","Y493H_C580Y"
"3399","0.1511","Y493H_C580Y"
"3400","0.1513","Y493H_C580Y"
"3401","0.1812","Y493H_C580Y"
"3402","0.1813","Y493H_C580Y"
"3403","0.1783","Y493H_C580Y"
"3404","0.1443","Y493H_C580Y"
"3405","0.1331","Y493H_C580Y"
"3406","0.1556","Y493H_C580Y"
"3407","0.1494","Y493H_C580Y"
"3408","0.1495","Y493H_C580Y"
"3409","0.2288","Y493H_C580Y"
"3410","0.17","Y493H_C580Y"
"3411","0.1463","Y493H_C580Y"
"3412","0.1515","Y493H_C580Y"
"3413","0.1354","Y493H_C580Y"
"3414","0.1614","Y493H_C580Y"
"3415","0.1877","Y493H_C580Y"
"3416","0.1803","Y493H_C580Y"
"3417","0.1842","Y493H_C580Y"
"3418","0.2268","Y493H_C580Y"
"3419","0.2459","Y493H_C580Y"
"3420","0.2572","Y493H_C580Y"
"3421","0.2386","Y493H_C580Y"
"3422","0.2433","Y493H_C580Y"
"3423","0.223","Y493H_C580Y"
"3424","0.1927","Y493H_C580Y"
"3425","0.1821","Y493H_C580Y"
"3426","0.1854","Y493H_C580Y"
"3427","0.2506","Y493H_C580Y"
"3428","0.2485","Y493H_C580Y"
"3429","0.2291","Y493H_C580Y"
"3430","0.181","Y493H_C580Y"
"3431","0.1535","Y493H_C580Y"
"3432","0.1344","Y493H_C580Y"
"3433","0.1297","Y493H_C580Y"
"3434","0.1493","Y493H_C580Y"
"3435","0.1259","Y493H_C580Y"
"3436","0.1094","Y493H_C580Y"
"3437","0.0961","Y493H_C580Y"
"3438","0.1037","Y493H_C580Y"
"3439","0.0872","Y493H_C580Y"
"3440","0.074","Y493H_C580Y"
"3441","0.088","Y493H_C580Y"
"3442","0.0842","Y493H_C580Y"
"3443","0.0681","Y493H_C580Y"
"3444","0.0845","Y493H_C580Y"
"3445","0.1028","Y493H_C580Y"
"3446","0.0881","Y493H_C580Y"
"3447","0.0978","Y493H_C580Y"
"3448","0.1244","Y493H_C580Y"
"3449","0.1292","Y493H_C580Y"
"3450","0.1245","Y493H_C580Y"
"3451","0.158","Y493H_C580Y"
"3452","0.1628","Y493H_C580Y"
"3453","0.1449","Y493H_C580Y"
"3454","0.139","Y493H_C580Y"
"3455","0.1049","Y493H_C580Y"
"3456","0.1031","Y493H_C580Y"
"3457","0.1224","Y493H_C580Y"
"3458","0.118","Y493H_C580Y"
"3459","0.1076","Y493H_C580Y"
"3460","0.119","Y493H_C580Y"
"3461","0.1066","Y493H_C580Y"
"3462","0.0929","Y493H_C580Y"
"3463","0.1049","Y493H_C580Y"
"3464","0.1055","Y493H_C580Y"
"3465","0.0829","Y493H_C580Y"
"3466","0.0935","Y493H_C580Y"
"3467","0.1128","Y493H_C580Y"
"3468","0.0865","Y493H_C580Y"
"3469","0.0864","Y493H_C580Y"
"3470","0.1215","Y493H_C580Y"
"3471","0.1172","Y493H_C580Y"
"3472","0.0979","Y493H_C580Y"
"3473","0.1252","Y493H_C580Y"
"3474","0.1066","Y493H_C580Y"
"3475","0.107","Y493H_C580Y"
"3476","0.0921","Y493H_C580Y"
"3477","0.1171","Y493H_C580Y"
"3478","0.1632","Y493H_C580Y"
"3479","0.1026","Y493H_C580Y"
"3480","0.1283","Y493H_C580Y"
"3481","0.0986","Y493H_C580Y"
"3482","0.0698","Y493H_C580Y"
"3483","0.0623","Y493H_C580Y"
"3484","0.0522","Y493H_C580Y"
"3485","0.0486","Y493H_C580Y"
"3486","0.0497","Y493H_C580Y"
"3487","0.0481","Y493H_C580Y"
"3488","0.0551","Y493H_C580Y"
"3489","0.0814","Y493H_C580Y"
"3490","0.1067","Y493H_C580Y"
"3491","0.1068","Y493H_C580Y"
"3492","0.0799","Y493H_C580Y"
"3493","0.057","Y493H_C580Y"
"3494","0.0553","Y493H_C580Y"
"3495","0.0605","Y493H_C580Y"
"3496","0.0663","Y493H_C580Y"
"3497","0.0589","Y493H_C580Y"
"3498","0.0613","Y493H_C580Y"
"3499","0.0702","Y493H_C580Y"
"3500","0.081","Y493H_C580Y"
"3501","0.1699","Y493H_C580Y"
"3502","0.2015","Y493H_C580Y"
"3503","0.2347","Y493H_C580Y"
"3504","0.196","Y493H_C580Y"
"3505","0.1458","Y493H_C580Y"
"3506","0.1011","Y493H_C580Y"
"3507","0.0796","Y493H_C580Y"
"3508","0.0823","Y493H_C580Y"
"3509","0.0782","Y493H_C580Y"
"3510","0.0793","Y493H_C580Y"
"3511","0.0797","Y493H_C580Y"
"3512","0.0703","Y493H_C580Y"
"3513","0.0719","Y493H_C580Y"
"3514","0.0774","Y493H_C580Y"
"3515","0.0774","Y493H_C580Y"
"3516","0.0653","Y493H_C580Y"
"3517","0.0547","Y493H_C580Y"
"3518","0.0505","Y493H_C580Y"
"3519","0.0473","Y493H_C580Y"
"3520","0.0448","Y493H_C580Y"
"3521","0.0466","Y493H_C580Y"
"3522","0.0483","Y493H_C580Y"
"3523","0.0553","Y493H_C580Y"
"3524","0.0642","Y493H_C580Y"
"3525","0.0762","Y493H_C580Y"
"3526","0.0918","Y493H_C580Y"
"3527","0.0795","Y493H_C580Y"
"3528","0.0685","Y493H_C580Y"
"3529","0.0592","Y493H_C580Y"
"3530","0.0556","Y493H_C580Y"
"3531","0.0493","Y493H_C580Y"
"3532","0.047","Y493H_C580Y"
"3533","0.0502","Y493H_C580Y"
"3534","0.0519","Y493H_C580Y"
"3535","0.065","Y493H_C580Y"
"3536","0.0846","Y493H_C580Y"
"3537","0.1042","Y493H_C580Y"
"3538","0.104","Y493H_C580Y"
"3539","0.0876","Y493H_C580Y"
"3540","0.0851","Y493H_C580Y"
"3541","0.0629","Y493H_C580Y"
"3542","0.0573","Y493H_C580Y"
"3543","0.0666","Y493H_C580Y"
"3544","0.0772","Y493H_C580Y"
"3545","0.0635","Y493H_C580Y"
"3546","0.0598","Y493H_C580Y"
"3547","0.0607","Y493H_C580Y"
"3548","0.0637","Y493H_C580Y"
"3549","0.0756","Y493H_C580Y"
"3550","0.0764","Y493H_C580Y"
"3551","0.0913","Y493H_C580Y"
"3552","0.0949","Y493H_C580Y"
"3553","0.0847","Y493H_C580Y"
"3554","0.0798","Y493H_C580Y"
"3555","0.0688","Y493H_C580Y"
"3556","0.0742","Y493H_C580Y"
"3557","0.0773","Y493H_C580Y"
"3558","0.0939","Y493H_C580Y"
"3559","0.0775","Y493H_C580Y"
"3560","0.0697","Y493H_C580Y"
"3561","0.0652","Y493H_C580Y"
"3562","0.0887","Y493H_C580Y"
"3563","0.0698","Y493H_C580Y"
"3564","0.0605","Y493H_C580Y"
"3565","0.0661","Y493H_C580Y"
"3566","0.0517","Y493H_C580Y"
"3567","0.0605","Y493H_C580Y"
"3568","0.0666","Y493H_C580Y"
"3569","0.0557","Y493H_C580Y"
"3570","0.0665","Y493H_C580Y"
"3571","0.0642","Y493H_C580Y"
"3572","0.0998","Y493H_C580Y"
"3573","0.12","Y493H_C580Y"
"3574","0.2138","Y493H_C580Y"
"3575","0.1339","Y493H_C580Y"
"3576","0.0886","Y493H_C580Y"
"3577","0.0711","Y493H_C580Y"
"3578","0.0652","Y493H_C580Y"
"3579","0.0524","Y493H_C580Y"
"3580","0.0524","Y493H_C580Y"
"3581","0.0604","Y493H_C580Y"
"3582","0.0537","Y493H_C580Y"
"3583","0.0564","Y493H_C580Y"
"3584","0.0716","Y493H_C580Y"
"3585","0.1024","Y493H_C580Y"
"3586","0.1107","Y493H_C580Y"
"3587","0.0824","Y493H_C580Y"
"3588","0.0643","Y493H_C580Y"
"3589","0.0633","Y493H_C580Y"
"3590","0.0669","Y493H_C580Y"
"3591","0.0668","Y493H_C580Y"
"3592","0.061","Y493H_C580Y"
"3593","0.0667","Y493H_C580Y"
"3594","0.069","Y493H_C580Y"
"3595","0.0732","Y493H_C580Y"
"3596","0.0914","Y493H_C580Y"
"3597","0.0976","Y493H_C580Y"
"3598","0.1203","Y493H_C580Y"
"3599","0.1105","Y493H_C580Y"
"3600","0.0988","Y493H_C580Y"
"3601","0.0946","Y493H_C580Y"
"3602","0.0786","Y493H_C580Y"
"3603","0.0873","Y493H_C580Y"
"3604","0.0908","Y493H_C580Y"
"3605","0.0798","Y493H_C580Y"
"3606","0.0833","Y493H_C580Y"
"3607","0.0776","Y493H_C580Y"
"3608","0.0771","Y493H_C580Y"
"3609","0.0915","Y493H_C580Y"
"3610","0.082","Y493H_C580Y"
"3611","0.0735","Y493H_C580Y"
"3612","0.0622","Y493H_C580Y"
"3613","0.0565","Y493H_C580Y"
"3614","0.0595","Y493H_C580Y"
"3615","0.0546","Y493H_C580Y"
"3616","0.0551","Y493H_C580Y"
"3617","0.0743","Y493H_C580Y"
"3618","0.0787","Y493H_C580Y"
"3619","0.0881","Y493H_C580Y"
"3620","0.1476","Y493H_C580Y"
"3621","0.1777","Y493H_C580Y"
"3622","0.1412","Y493H_C580Y"
"3623","0.1009","Y493H_C580Y"
"3624","0.0795","Y493H_C580Y"
"3625","0.0777","Y493H_C580Y"
"3626","0.0718","Y493H_C580Y"
"3627","0.0639","Y493H_C580Y"
"3628","0.063","Y493H_C580Y"
"3629","0.0581","Y493H_C580Y"
"3630","0.0663","Y493H_C580Y"
"3631","0.0831","Y493H_C580Y"
"3632","0.1002","Y493H_C580Y"
"3633","0.0943","Y493H_C580Y"
"3634","0.0765","Y493H_C580Y"
"3635","0.0742","Y493H_C580Y"
"3636","0.078","Y493H_C580Y"
"3637","0.0786","Y493H_C580Y"
"3638","0.0754","Y493H_C580Y"
"3639","0.081","Y493H_C580Y"
"3640","0.082","Y493H_C580Y"
"3641","0.0879","Y493H_C580Y"
"3642","0.1059","Y493H_C580Y"
"3643","0.1275","Y493H_C580Y"
"3644","0.1591","Y493H_C580Y"
"3645","0.1505","Y493H_C580Y"
"3646","0.1686","Y493H_C580Y"
"3647","0.122","Y493H_C580Y"
"3648","0.0898","Y493H_C580Y"
"3649","0.1013","Y493H_C580Y"
"3650","0.0999","Y493H_C580Y"
"3651","0.0977","Y493H_C580Y"
"3652","0.1138","Y493H_C580Y"
"3653","0.0974","Y493H_C580Y"
"3654","0.1039","Y493H_C580Y"
"3655","0.0974","Y493H_C580Y"
"3656","0.1027","Y493H_C580Y"
"3657","0.0926","Y493H_C580Y"
"3658","0.076","Y493H_C580Y"
"3659","0.0678","Y493H_C580Y"
"3660","0.0594","Y493H_C580Y"
"3661","0.0504","Y493H_C580Y"
"3662","0.0501","Y493H_C580Y"
"3663","0.052","Y493H_C580Y"
"3664","0.0606","Y493H_C580Y"
"3665","0.0725","Y493H_C580Y"
"3666","0.0979","Y493H_C580Y"
"3667","0.1119","Y493H_C580Y"
"3668","0.1519","Y493H_C580Y"
"3669","0.1545","Y493H_C580Y"
"3670","0.1221","Y493H_C580Y"
"3671","0.0897","Y493H_C580Y"
"3672","0.0711","Y493H_C580Y"
"3673","0.0608","Y493H_C580Y"
"3674","0.0555","Y493H_C580Y"
"3675","0.0535","Y493H_C580Y"
"3676","0.0516","Y493H_C580Y"
"3677","0.0601","Y493H_C580Y"
"3678","0.0759","Y493H_C580Y"
"3679","0.1007","Y493H_C580Y"
"3680","0.1042","Y493H_C580Y"
"3681","0.09","Y493H_C580Y"
"3682","0.0834","Y493H_C580Y"
"3683","0.0662","Y493H_C580Y"
"3684","0.0631","Y493H_C580Y"
"3685","0.0669","Y493H_C580Y"
"3686","0.0814","Y493H_C580Y"
"3687","0.076","Y493H_C580Y"
"3688","0.0792","Y493H_C580Y"
"3689","0.0806","Y493H_C580Y"
"3690","0.0884","Y493H_C580Y"
"3691","0.1218","Y493H_C580Y"
"3692","0.1494","Y493H_C580Y"
"3693","0.1963","Y493H_C580Y"
"3694","0.1809","Y493H_C580Y"
"3695","0.1447","Y493H_C580Y"
"3696","0.1249","Y493H_C580Y"
"3697","0.1022","Y493H_C580Y"
"3698","0.1073","Y493H_C580Y"
"3699","0.0921","Y493H_C580Y"
"3700","0.0955","Y493H_C580Y"
"3701","0.0931","Y493H_C580Y"
"3702","0.0888","Y493H_C580Y"
"3703","0.073","Y493H_C580Y"
"3704","0.0802","Y493H_C580Y"
"3705","0.0726","Y493H_C580Y"
"3706","0.0626","Y493H_C580Y"
"3707","0.0521","Y493H_C580Y"
"3708","0.0479","Y493H_C580Y"
"3709","0.0469","Y493H_C580Y"
"3710","0.0443","Y493H_C580Y"
"3711","0.0478","Y493H_C580Y"
"3712","0.0534","Y493H_C580Y"
"3713","0.0679","Y493H_C580Y"
"3714","0.096","Y493H_C580Y"
"3715","0.1333","Y493H_C580Y"
"3716","0.168","Y493H_C580Y"
"3717","0.1698","Y493H_C580Y"
"3718","0.1116","Y493H_C580Y"
"3719","0.0749","Y493H_C580Y"
"3720","0.0658","Y493H_C580Y"
"3721","0.0542","Y493H_C580Y"
"3722","0.0486","Y493H_C580Y"
"3723","0.0516","Y493H_C580Y"
"3724","0.0452","Y493H_C580Y"
"3725","0.0545","Y493H_C580Y"
"3726","0.0757","Y493H_C580Y"
"3727","0.1128","Y493H_C580Y"
"3728","0.0951","Y493H_C580Y"
"3729","0.0677","Y493H_C580Y"
"3730","0.062","Y493H_C580Y"
"3731","0.0676","Y493H_C580Y"
"3732","0.0678","Y493H_C580Y"
"3733","0.0637","Y493H_C580Y"
"3734","0.0695","Y493H_C580Y"
"3735","0.0775","Y493H_C580Y"
"3736","0.0807","Y493H_C580Y"
"3737","0.0985","Y493H_C580Y"
"3738","0.1154","Y493H_C580Y"
"3739","0.1384","Y493H_C580Y"
"3740","0.1368","Y493H_C580Y"
"3741","0.1205","Y493H_C580Y"
"3742","0.1123","Y493H_C580Y"
"3743","0.0922","Y493H_C580Y"
"3744","0.1008","Y493H_C580Y"
"3745","0.0916","Y493H_C580Y"
"3746","0.0855","Y493H_C580Y"
"3747","0.081","Y493H_C580Y"
"3748","0.077","Y493H_C580Y"
"3749","0.0694","Y493H_C580Y"
"3750","0.079","Y493H_C580Y"
"3751","0.0684","Y493H_C580Y"
"3752","0.0626","Y493H_C580Y"
"3753","0.0534","Y493H_C580Y"
"3754","0.046","Y493H_C580Y"
"3755","0.0487","Y493H_C580Y"
"3756","0.0443","Y493H_C580Y"
"3757","0.0455","Y493H_C580Y"
"3758","0.0491","Y493H_C580Y"
"3759","0.0628","Y493H_C580Y"
"3760","0.0716","Y493H_C580Y"
"3761","0.0849","Y493H_C580Y"
"3762","0.114","Y493H_C580Y"
"3763","0.1095","Y493H_C580Y"
